label,left_knee,right_knee,left_hip,right_hip,left_elbow,right_elbow,left_shoulder,right_shoulder,trunk,left_ankle
squat,178.49277693822484,,130.4428890892561,140.9595966318509,,,,,54.52457659955687,
squat,173.15233303835217,,171.99717994447585,136.7461439957228,,,,,124.4541020952006,
squat,172.7699642380848,,146.04731302844482,142.69002509528315,,,,,96.79480776719491,
squat,165.92465949292603,,138.37250017330544,171.5304407902996,,,,,86.59790303070984,
squat,147.6449482116585,,158.94572788489103,167.47059159068377,,,,,96.58653379325767,
squat,,106.48196060896522,176.40953931869592,171.30612872518572,,,,,77.80846708075875,
squat,,121.1175249570644,140.86889975930384,167.92040601458447,,,,,72.32766970962486,
squat,,166.5667725085151,136.4517994490285,172.90722704246073,,,,,81.28906120392938,
squat,145.7386657670182,177.53605360243162,141.8870595343906,164.72343360918254,,,,,82.01911533591898,
squat,172.9313131025454,164.20174235668122,145.9811875275652,151.05294543791373,,,,,79.2544316701541,
squat,173.6116945678112,166.43303682046388,146.62034505353114,158.07513047337446,,,,,63.43770879522259,
squat,176.66325504344684,171.0306574651177,148.05564745776425,162.40901980888614,,,,,62.698425058383506,
squat,179.99791299856417,177.52824711149,154.89607575976535,172.46741072825324,,,,,64.28952069587756,
squat,179.71586374492057,178.667356713437,156.0928898324907,168.38926551198088,,,,,64.87010705453814,
squat,179.51010392963414,176.63029132073854,156.60319225033916,164.3357804597693,,,,,64.86824228217586,157.2968479735475
squat,179.42620995800272,175.82458721321603,158.1821321482394,158.3460770938109,,,,,67.64944972906915,164.1656309318136
squat,179.69504388960283,174.47886310405735,159.35926306239458,158.35837193247997,,,,,68.24423198400329,166.12128657005843
squat,176.85685503395013,172.46222112935337,159.06784147523697,155.21238173092544,,,,,69.56183785286191,163.35623330296826
squat,138.56757506565677,143.8758754176124,142.17572653977535,154.63931452035163,,,,,69.41851783066153,139.99794441226854
squat,99.94334969601812,176.9425311253364,126.39722999406052,148.77508083331503,,,,,81.56823215098295,139.15369150323565
squat,118.83129667313521,158.34958023082413,140.36486357660306,160.8140221848775,,,,,84.88940690268672,148.68085466675163
squat,152.02095035598433,178.61594467023588,155.1267936738713,151.70028948743774,,,,,82.6697849127012,145.52823471339232
squat,158.2248040375456,173.97221655519033,157.51817696750615,144.8258274389569,,,,,81.55630142644637,140.55342403240718
squat,161.8167227378154,163.72586767836876,159.4623715686665,139.28513701798576,,,,,82.7308645841722,144.59024064220213
squat,162.26217576998314,158.89977089150895,144.74769684487904,129.95754322188415,,,,,73.97972027297288,157.6439183064879
squat,172.00014520146945,154.4754579015743,145.23136600319916,136.55085184218242,,,,,74.56677110161704,177.71092549149682
squat,171.67395612173323,162.81076593632866,139.92286712497398,130.8350434830118,,,,,71.64475945229657,174.9670475609152
squat,177.69407001810475,170.18101357485784,167.05620571284325,164.7959327677843,,,,,71.77958736884419,177.95186472724683
squat,179.87004718946315,152.4219567671004,160.5453749593703,173.36351443407128,,,,,76.67963118957573,177.8700122900382
squat,168.19835129759176,174.57575162727085,159.16762269613974,168.4061010095443,,,,,71.022201824551,137.9846690296853
squat,163.99767312870213,179.9414759132799,164.8766751087218,167.76280686017896,,,,,70.21328426108684,128.5863904159355
squat,165.88060647969124,158.66924865086733,159.0727260368826,163.97145573388087,,,,,64.80193525847,
squat,158.08084521987664,174.90072787827245,173.67624434786504,169.1516200209353,,,,,72.20913485793419,
squat,160.05378918908937,178.6999304181425,175.7545728657102,170.3519684201801,,,,,72.43680691202168,
squat,167.91690887941436,169.35544610847356,174.4633609995169,172.91225190661945,,,,,72.65926792564649,
squat,176.854344712528,173.28001595134953,176.18766703542576,168.0589106485852,,,,,66.06279732893013,
squat,176.37941359885966,175.72044780858343,178.98597650023757,163.94448252653658,,,,,64.74772015377187,
squat,,144.82494623990218,135.85119071923336,161.20520495149714,,,,,94.32100837439002,
squat,,164.38616480639544,135.69696214925148,168.9452147670492,,,,,98.35759098596806,
squat,146.98379749057327,172.92335689015232,139.76184951945294,175.4616352010223,,,,,101.17442225154885,
squat,174.6051355952925,174.27110451983347,109.78603693368295,168.6221735039673,,,,,149.75818063637473,
squat,177.21540583480748,171.44048309675816,168.8809196702782,177.56692550246456,,,,,82.09335098236667,
squat,175.6200112736815,177.92503542501385,156.02776237127537,174.10031710666087,,,,,69.89220294744445,
squat,170.88011146066543,175.10108416239095,158.25241054634958,166.85428509178982,,,,,70.50333664217051,
squat,165.0770078468206,173.31486335228462,162.1175119114535,160.80672420661438,,,,,73.70728741966961,
squat,163.5914582161819,174.57850970502173,160.6757282527983,160.84713615106457,,,,,68.4939544732056,
squat,161.91960130880784,178.4208989974436,158.75185676688395,164.13624641568737,,,,,69.2248400590076,
squat,176.93288706276,177.32193055459095,147.84090520047255,161.2106199051289,,,,,73.66250548923108,
squat,169.0417917514907,170.6490328547951,139.40485366748806,160.25612879251912,,,,,72.20960330286253,
squat,163.67933960566174,162.78941861525917,138.42614967004272,158.27198286137056,,,,,71.83116544702506,
squat,157.0214809475364,166.27849996564993,144.23678900973897,153.26622225679625,,,,,76.80977255374474,
squat,160.7816721338743,158.57081928857176,148.26959056426125,150.6844373639126,,,,,74.43621452026727,
squat,159.52675414902512,160.84778996659384,139.65507884511612,158.60020004690276,,,,,65.74730755280663,
squat,171.18061796578775,169.8378889514232,146.2019025354729,167.60275315206968,,,,,64.06360178465442,
squat,173.24274782050918,170.0639800809363,147.14453840563078,164.89046914253342,,,,,63.6297587020321,
squat,172.15555538527164,171.38041868263318,143.63064433310313,165.11619246893176,,,,,60.85329760270548,176.32481971606276
squat,168.26382302421482,172.04095691704032,138.49527833732705,162.17405995265125,,,,,61.38821256035491,173.40865878078975
squat,173.6082022187393,173.54070483034056,148.1324509702895,165.65940135410276,,,,,67.24695004757672,172.69734120857117
squat,177.7847310096713,170.4391838722638,162.92097068931477,162.11152258397343,,,,,74.95075166419045,179.65631363607434
squat,179.60531765515492,170.39385046328778,159.81842268596742,162.6788304348838,,,,,73.75302949551254,179.64556445433544
squat,174.36140765842228,168.19685617973707,151.570192015758,161.03093697517983,,,,,70.39272326526438,179.33780269154647
squat,169.1487096966445,165.25474088087543,144.60539666396227,151.438246754709,,,,,69.60119702263741,179.8844510312711
squat,158.65566654197264,160.0486093839121,133.56026592092954,141.82548823904386,,,,,68.61609282976056,175.14118883119
squat,158.09181084265867,167.58225429270047,131.53597597936877,143.8264834900346,,,,,67.72318826145573,173.2940739386074
squat,158.78382134311175,162.84636597511542,128.35633179084743,144.08324173295264,,,,,65.44819969306562,172.4573024601643
squat,168.92084009759557,162.34302720440806,138.29738797059767,149.25636102480175,,,,,65.67879186628082,161.5390857356404
squat,173.85979076156383,166.75846951693828,141.9990185558554,151.2112702522268,,,,,66.14519126087137,162.09859558249642
squat,172.44953734084984,167.42945125703062,146.1416835912932,152.768830946209,,,,,68.9375008089735,164.16499645673477
squat,171.69234367082282,163.01325581498395,147.8145662102418,149.9657559632476,,,,,68.70540410695418,164.28916514626678
squat,176.82833904749583,156.1334977941055,151.9885737601094,142.08511878189694,,,,,67.20786478837108,169.23908237517753
squat,171.5318537529822,150.0611823842851,149.41724885826773,139.39072622258743,,,,,66.90599663976369,165.03307859489627
squat,172.55110705808937,150.20169156848962,147.46477146183042,140.5272704217598,,,,,65.6035125401637,162.96776844422328
squat,173.73878770673028,151.1019860020342,146.50038898595355,141.42757484569142,,,,,63.933034967807494,164.11356309091056
squat,179.1596030858573,150.56253505410692,147.79203532492394,137.88049910467154,,,,,62.07003278961171,164.53819470830396
squat,179.05436983970745,152.1375018707501,147.49397914455582,143.20399892663247,,,,,62.67706311296701,158.42944003535084
squat,177.6094318593631,150.8944431671279,147.32889927124847,143.34204433398088,,,,,63.10359627663387,148.28557086949814
squat,177.42885638533684,152.00574673952326,147.20025431901217,143.8938258159725,,,,,63.176475883856625,149.43492234055168
squat,174.83242832671513,150.29518789582266,144.833057871589,141.77023968990434,,,,,62.489080893169046,151.94621718937788
squat,173.63535618458505,149.03705076196792,145.99269499443946,142.9879760433448,,,,,62.95122153748181,146.87333830219154
squat,174.60340325445677,150.01992953749007,145.7973922396951,143.42357023155796,,,,,62.309957506037875,148.11987256272602
squat,170.33892919230712,152.47453146913463,140.75448707991524,146.0078241840924,,,,,59.901599838441555,155.31922694063084
squat,175.22217624802056,152.84348824724245,145.19298955922784,144.9257189826863,,,,,60.64247991914416,143.9552632426565
squat,174.34398843809586,154.00984145160282,146.0109199621405,143.45527642801687,,,,,61.127013052874744,150.05739723802358
squat,175.04305339234944,153.51261890958747,148.18410443905924,144.0635397973117,,,,,63.08228884019714,151.08088819020645
squat,173.3268992770574,152.32127641010055,149.86998981489,144.29378554964543,,,,,65.12821699808086,156.64716728690038
squat,172.26758229615555,152.01697194378846,148.23978645662146,143.3950097259245,,,,,64.1164987671022,153.85394465969526
squat,171.9256332967241,152.47986205846715,148.0958932970896,143.57557955316778,,,,,64.16934139789728,154.01845232538946
squat,173.29453592333047,152.50290125633651,148.33126848554105,143.1658376775134,,,,,63.95232000569924,150.66053445452118
squat,173.1165852831773,155.55008128426925,149.45897426052818,144.7137289203487,,,,,64.92854522026443,154.21565637296334
squat,172.29844203022068,155.84708379405282,149.76500956798685,143.82467406772747,,,,,65.49423250267672,154.54653752588123
squat,167.85836818776596,155.40775421552115,150.5154019618084,143.3848844641434,,,,,68.36947180454679,168.31689584909
squat,154.59983269118064,151.25450986843478,142.8389454879914,139.95600831668835,,,,,68.85368644949162,179.1009839231904
squat,150.15170505236247,149.08342990561823,136.70184721025407,137.23679378333705,,,,,69.47695201422465,176.74577359960563
squat,151.90626888307025,150.93427180050583,135.72334191540256,138.36813051888262,,,,,71.19754255149165,173.52246350546451
squat,162.16228540885626,154.13457487625783,135.4745754069039,138.81861310171038,,,,,72.73925333981138,167.3110481526789
squat,166.87912167688359,157.8144037687736,137.18507718383515,140.26517694237552,,,,,72.05920409329501,147.74772267747187
squat,177.86398074060725,157.37341201566278,140.4525247794713,139.6501138874018,,,,,71.2042980278154,131.86624858020255
squat,172.54004613654718,162.01666095101663,139.13792893848034,139.7566576830932,,,,,69.52253995496031,141.76599980378288
squat,169.14341790827416,167.00926649611407,136.25835841319088,143.6863162382765,,,,,65.88871069840293,154.05098365225953
squat,173.06047823419846,164.95189888782897,135.39950980273963,145.8263828878648,,,,,58.78474162285525,157.10812871195773
squat,178.77078842453074,167.93368075085516,135.79165848816913,144.44378962085787,,,,,58.238684553829735,145.0557150100836
squat,178.84503460428323,172.5187740720599,137.15120468982792,140.98461561927806,,,,,60.15830095917195,139.64607464130722
squat,172.4558438728657,175.76540072605965,142.3021515617896,142.40823599929737,,,,,63.4924962673993,131.89793802555928
squat,179.627600221523,175.35676418107323,139.19311092749112,141.33852421328027,,,,,67.96922200314226,127.86109629654385
squat,164.97320789688237,176.95218640679036,130.01335961380087,147.90840315635387,,,,,71.41657693832188,162.0062123435417
squat,174.92306778217232,175.2234270024873,135.60397967166287,152.4933396750572,,,,,72.49175285201981,149.12270740570222
squat,178.76618745648608,178.6774960094605,134.91322654766066,150.02799180418745,,,,,69.54809695979905,140.50597936920258
squat,168.7775242031534,178.1779917009916,143.61950607390042,146.87802979929967,,,,,69.51772766073307,131.55413841452597
squat,171.9905328878126,174.47289645374926,142.05024721350296,141.0151057885222,,,,,68.86718941309213,135.43542596377904
squat,172.0276827132364,171.2298113296886,141.76753573774943,136.44923219005645,,,,,68.48021807301889,134.60136727164644
squat,172.77029871502762,170.05735479153898,142.2544615027239,135.00545727856095,,,,,68.75590312924005,136.96154342431095
squat,167.91031620783718,169.9471092781833,145.8810515471018,134.49452795701214,,,,,68.88132945520238,142.39700928297663
squat,173.95438120520453,169.9153153916915,143.3661165237611,135.17417265961402,,,,,69.25642543105758,148.1192284800685
squat,173.04170731705494,170.04544824915556,145.49361283978814,137.09226379710486,,,,,70.53931989029023,146.21911860919332
squat,174.63016694321698,168.7445468423939,142.49798907942485,134.58288980916876,,,,,69.47323186899298,141.8501361474411
squat,173.19352105604102,169.40258817125368,143.75420028982163,135.269112904325,,,,,70.0438245677079,139.45448749563488
squat,174.2999427443622,169.03742256290957,142.87789012870988,134.99535957374675,,,,,69.2404160090533,140.20607752630252
squat,172.0368208076663,168.62664165622695,146.60555826851504,134.46492767019691,,,,,70.64288869320274,138.89611459637416
squat,173.5084240306126,168.39990547015796,145.46758533250585,134.22222340151134,,,,,70.69912457557781,138.95325620121352
squat,173.01984263178903,167.91879465020705,145.5117206939243,133.72704900136804,,,,,70.79530851251575,138.3132789637768
squat,174.87433875415152,167.4528478807431,143.81653531945875,134.20611710913823,,,,,69.91840820585107,138.27673333274015
squat,174.64119462787343,170.99374886152387,142.80130078766007,139.6230776348301,,,,,68.97652285223052,134.11033898392054
squat,175.71851381420575,169.5516916731644,142.36987523640852,138.4378728230759,,,,,69.30705211359108,131.74916565752736
squat,174.75492393346494,170.93243519645452,142.51657135891324,139.18047858788884,,,,,69.61624138761127,130.67919398821851
squat,171.7988711363763,171.87184102684498,144.71492137144082,139.48810994070428,,,,,70.23726480353837,126.47712510927163
squat,174.87267175011925,171.84793271722728,142.86575309282676,139.66398870028985,,,,,70.10372649423643,130.45683484221522
squat,174.76338939804046,171.574117583865,141.9799534072903,138.509464958666,,,,,69.69064565757196,130.04584228523632
squat,174.00136444898754,171.7179016460794,144.98633489434715,138.23258693980995,,,,,71.94596461057475,131.29479809606983
squat,173.7448893838032,174.04789771774907,148.0230104805028,138.17995029819835,,,,,75.35838653326472,132.59256786861707
squat,175.91555445986012,169.6512048270265,148.3213850019728,132.4827984283627,,,,,76.85736245861482,133.5093490752871
squat,176.81517781297288,170.1601922062634,154.42063217958554,135.82083551073436,,,,,82.2383122288078,149.61808735373407
squat,179.46333944841632,177.1956092169097,148.87950972733546,155.37901801219488,,,,,86.00447654646223,157.336542127246
squat,177.16623511531776,173.27134514072702,153.14208054551415,158.92446412769894,,,,,89.99109434428945,163.60997636097673
squat,163.29495696520303,168.57356451802397,175.71379247008196,158.01733787063137,,,,,96.02326199818724,81.04965698329285
squat,165.626487734502,164.26492679428696,153.90210835843365,161.0522876763893,,,,,106.92986589974187,167.2868391343492
squat,164.59810002813757,140.85149594999598,156.27706406546667,168.48214477263633,,,,,115.12879206173616,116.2238899328497
squat,160.6467223157536,165.7799786121237,168.98969503729379,168.36580503260805,,,,,161.00495551498187,110.3077874820773
squat,159.15287585663512,171.9332183291163,170.86819802377698,178.8245782625337,,,,,102.32112776421553,134.84017130458233
squat,174.55689125227454,165.78433633781324,178.94432800565104,175.91202167241767,,,,,139.83408155785398,
squat,176.37723477109094,164.20617927952827,178.63958725309078,159.84200023053847,,,,,125.26430482454553,
squat,,165.71088191182756,178.7835648430728,157.8475011801883,,,,,106.16783396401256,
squat,173.9719885649946,155.85346722780534,176.41145710859124,153.51422495253533,,,,,89.95424449186146,
squat,179.21529969504255,145.73304371157082,163.9509277356855,144.54518229485595,,,,,80.51670059170254,
squat,179.4592603507355,150.29859545852457,163.62589577293264,146.9705632896211,,,,,77.9575649751603,176.8869213824881
squat,174.1587419857889,173.47904383035961,155.54355883918407,151.85470742106594,,,,,75.7872212980241,143.63076651742276
squat,169.43874536387204,161.69742998753858,165.25547149686054,149.1890903503754,,,,,80.81743413046638,141.27694898763903
squat,171.10120309952228,165.9275373145153,157.77367059288233,143.85710509508016,,,,,79.90819697238702,109.19248364765417
squat,162.91610033228739,166.46252129831768,163.2544230848585,145.4378275283983,,,,,81.89323955283479,153.26060896764858
squat,170.19526898808058,161.476671034609,150.4347728574686,149.93501148511814,,,,,80.46093777055165,131.12440333500817
squat,178.72928171034658,164.95553074695883,159.91074521526176,165.7225564448192,,,,,82.5383953819556,130.2944780576621
squat,176.09224655266806,157.8622283392659,168.54702250765735,141.68311153103315,,,,,91.30719771737498,122.72702085338075
squat,171.70082458245204,149.30029074321848,153.27707727139313,170.5083383431284,,,,,77.76181433790941,4.800815817731519
squat,179.7627490558261,178.01539221292344,173.96278882959956,157.75128172978188,,,,,79.77264180369195,153.49729132221987
squat,161.28702563141542,172.18928955096652,158.14629196634948,169.02342189904226,,,,,73.55344444463444,142.7123240866946
squat,169.0371144319097,178.08125794333577,151.44529055170912,176.8014972003638,,,,,72.08132360519916,121.86939215796606
squat,162.69628399614862,170.64316110960254,156.1236126704337,169.32017727413174,,,,,72.14971398874007,83.78122256669465
squat,161.81275202893053,177.51077963851927,158.91877551127027,167.36015380241506,,,,,73.38120034702284,93.16383662249669
squat,159.88321676113577,153.26989962174284,158.61465566046306,149.631485487942,,,,,72.2331010357728,77.23968407643848
squat,161.6416415750746,146.05149355562375,154.9358962835803,144.06017746633344,,,,,70.2467325739109,90.13606537719215
squat,159.2664921708293,147.65251919277142,164.192925176082,145.4554804998919,,,,,74.47328782304425,86.57989678083003
squat,163.37543481618897,155.3655486968578,163.98944759783066,152.00572918038898,,,,,75.26918810293115,86.76611182846854
squat,166.8225340344521,161.4467975197217,161.9411970400414,153.40747740012515,,,,,73.6942000643409,101.50846818894591
squat,166.01599417923538,160.85441295296422,162.02650696974908,153.64810527415358,,,,,73.54761384618227,
squat,167.15033013587455,162.8197485335478,162.81403874693245,156.95023682747404,,,,,74.07222486803808,
squat,165.45791350808722,164.73226292502525,161.83898534036666,155.5542062415961,,,,,73.41855383469911,
squat,163.24918724766616,163.65380586539976,160.80588578440126,155.15133206180352,,,,,71.22053291052815,
squat,163.20562241181335,163.93773429194476,160.03094693218165,155.9547955930316,,,,,70.2644132754559,
squat,164.2334536963662,165.27845226823078,161.28454628884708,157.21448754882334,,,,,71.07026394285977,
squat,165.3112165502294,167.15147124114603,161.4654711645088,157.94197468571232,,,,,70.85951578405252,
squat,163.8556237710255,165.2923875643138,163.84586422570587,158.10435178434417,,,,,73.04896787322376,
squat,163.70529898841346,162.57881765439487,163.16673788942356,156.89057895543132,,,,,72.34214128125606,
squat,164.59020382794046,165.5062242177214,161.98468022041243,159.33378008801515,,,,,72.85007449589057,
squat,164.4295210264733,166.4784992546904,160.80108225728225,158.75853500770305,,,,,71.72657103760224,
squat,166.04679939889098,175.45010449799278,161.18741336873623,163.641748503852,,,,,71.81641513988222,
squat,165.77642118914625,174.31246199771422,161.0107190188222,160.66624446462447,,,,,70.7213972976472,
squat,166.306847425824,174.39822826104387,159.87802833448262,162.20749380767327,,,,,70.09200301464239,
squat,165.05763887599193,170.54869565046778,161.95719739399394,161.1417650886033,,,,,70.94791244506979,
squat,166.41268315541907,167.8507836094567,162.82121187978515,158.72438566417642,,,,,73.02240843183525,
squat,169.00218341755522,170.47474139948875,160.59124963511306,159.99512725202604,,,,,72.03766246270494,
squat,169.37874207761485,169.60190877805968,159.71882154608522,159.7267796238023,,,,,71.45199927462663,
squat,169.2060468643167,169.01283359739165,159.75804500297468,159.91108198435433,,,,,70.75204592215145,
squat,168.83967439273212,172.1637756801858,158.3100513883523,162.77374010196988,,,,,69.14481803308036,
squat,169.11103896695298,172.49594424775077,159.63117210606248,162.31754705685472,,,,,70.14375108998223,
squat,169.17079490280102,171.84451191220913,159.1874246815258,163.82998759271987,,,,,68.83043050506303,
squat,169.0457467098284,171.34467551371864,159.04510167483164,163.54117044444462,,,,,68.83386059946072,
squat,167.22226906011576,170.52450493893573,159.63276391902897,161.40460882854364,,,,,68.3013347647937,
squat,167.97648224159124,168.55428709588148,160.88097713909823,160.63531428192715,,,,,69.86486736949358,
squat,166.81232178647392,167.66697666471353,160.80339180149312,160.39639979814515,,,,,69.67136479894943,
squat,166.51777432388846,169.26142263639846,157.56517897274685,161.9253935899877,,,,,66.6609983165557,
squat,166.40765791118318,169.78812499192867,156.77453127226158,162.00879747947405,,,,,66.64283550038678,
squat,169.13473711281756,169.09531673893244,157.4303966379937,161.1311006183736,,,,,68.69199755241485,
squat,169.16262553147516,170.5234695999718,156.40701030610634,162.7724980599413,,,,,67.83057482653572,
squat,169.23882964681633,171.65097536990092,156.36378556215007,162.91789934965374,,,,,67.71385198890195,109.11419923412183
squat,168.91771488499728,172.00717233729506,156.75330029836093,162.97345011993502,,,,,67.90285023385454,
squat,169.93169912406663,175.08926463356056,156.8914674524747,163.45132200609004,,,,,68.14745302141753,110.88787600226239
squat,168.38108913540592,171.9015252301796,158.48408471623384,162.30320336408863,,,,,69.35949707267574,
squat,170.33368882484788,172.77857544388797,158.465064516448,162.67691195748648,,,,,69.4465434187304,114.4585933301078
squat,169.58307810965232,175.53467031012764,158.0681494859771,163.49832526219777,,,,,68.44429755303898,111.32293175505394
squat,170.17987484866399,176.18458294730615,158.05057308879424,164.10969328827915,,,,,68.83340827655073,115.6914733483895
squat,169.56265910424122,173.61320248951293,157.03887114669033,163.25369512934893,,,,,67.86333932942406,114.66942527082703
squat,169.47038204068488,173.5738748909708,155.71369313800452,165.58269999716805,,,,,66.87883631239797,120.37454850331615
squat,169.78667897634077,171.4770742208862,154.7846814430308,165.31043685584393,,,,,65.29193614971115,
squat,172.29423745196914,175.7626416123458,156.02982353329983,168.04338030412305,,,,,67.32667676812046,
squat,173.812444188854,177.4280167229197,156.40842936148775,164.82284951743702,,,,,66.60106866380164,
squat,171.9049669634944,174.15412133918838,157.11893024108107,163.33473659959026,,,,,68.31790807196873,
squat,170.47639504367402,171.41054527859652,156.271191164927,161.57717337603327,,,,,67.57245480089888,
squat,171.7600123722223,171.17351291257066,156.01369256856606,162.79275802631662,,,,,68.11527357678155,
squat,168.43367768955028,171.2092573484423,155.54983026536024,161.63036994601626,,,,,66.91745251656074,
squat,168.34081176954516,170.35838768280163,158.0911938575521,162.80539034802396,,,,,68.95982395068057,
squat,168.1864162724794,170.2003725312662,158.0699854667121,162.9123240959613,,,,,68.5750485473192,
squat,170.6697639248722,171.51299827853066,158.6393985078759,162.69045771359126,,,,,68.89558055436954,
squat,173.7840426786085,172.398693059587,156.97711224445982,162.95772061980273,,,,,67.53303453616377,
squat,172.18517357966266,166.12440541653254,156.9165969749848,160.25646070069337,,,,,67.84680548138552,
squat,167.83116283431656,169.47510870785624,154.71339996475228,163.68054505102225,,,,,65.61140117429682,
squat,168.20069356168463,169.3767740926411,155.2869581431983,163.00099555243986,,,,,66.98269462339992,
squat,168.58930130516805,169.9760144216705,156.06444304285438,162.93680203987225,,,,,67.8066220829863,
squat,167.88314665015736,169.9086907359439,155.83396005131985,163.45055271217498,,,,,67.48995430758924,
squat,168.1898415133622,166.68533887418772,155.9198587720835,161.24559997673362,,,,,67.7321652081463,
squat,167.57631190482908,170.40886457679565,158.4998230782885,164.01485029054996,,,,,70.07948385512024,
squat,170.93098379570884,169.1053246300735,157.9798336256978,163.27247619139143,,,,,68.66069709506027,
squat,170.56295254085182,172.00895650302786,158.87189440676505,165.1749498855626,,,,,70.41746825465403,
squat,169.48914747782268,170.99727339724302,157.02850625149978,165.41138775178496,,,,,69.19007827314853,
squat,168.7370461472528,167.92247867534084,155.8866665992161,162.92163822097598,,,,,68.78591899717888,
squat,170.72495534883936,169.38327970270444,155.80411585003645,163.14782128632814,,,,,69.17089506899701,
squat,171.0653239862496,169.5935259921746,155.3762962094365,162.9046233421687,,,,,68.75737976637825,
squat,169.06882123326898,170.44597948489817,156.80620945793748,164.71662624834096,,,,,69.7490385610795,
squat,169.83194477193933,170.35386872552112,156.18363219222672,164.40541717591998,,,,,69.37726259285338,
squat,170.0497948912302,170.75443812419377,155.8604057237225,164.1560317879637,,,,,68.98585043605388,
squat,171.2100835554466,168.99111656293428,152.0578785520143,166.39146568662792,,,,,66.75718775069274,
squat,174.71936229039278,169.25097240197917,152.45409125472568,165.99501892146083,,,,,67.07554187404288,
squat,176.4088554143292,169.57117546060493,153.30969455263954,165.93487602039,,,,,67.65920084345052,
squat,176.45003704199615,169.78154496500838,153.98645376050115,165.86821433891478,,,,,68.13296265373071,
squat,175.93282000441292,171.94460161113054,155.74965549495502,165.50652888973798,,,,,70.51164406671089,
squat,175.94272374746518,169.41194720433904,153.94020263803077,164.9926158782805,,,,,69.37616008857302,
squat,174.49485583775135,170.52146840129552,154.39589748091254,166.10062952395344,,,,,69.51978381311797,
squat,171.65648921059054,169.38328473309252,153.6609162829538,166.27393796962664,,,,,67.80013902669182,
squat,171.52849612920846,169.2483615664524,154.10214989058107,165.97847906106358,,,,,68.00115778648012,
squat,168.32311639548428,167.23333400187718,154.99884301342183,164.92534063798564,,,,,67.64345801310343,
squat,167.65172532917302,165.88141134599024,155.49305034828075,163.35309354434946,,,,,67.92851953820637,
squat,167.92336668393605,166.37197884236568,155.53663938793687,162.67107380012493,,,,,67.81301571892512,
squat,167.6965078099288,171.57247383590408,159.23094757109638,164.09671561289426,,,,,70.3764905279166,
squat,167.91211089628843,170.90352760748058,156.39798307847852,164.0645655533606,,,,,67.88056410355468,
squat,166.46927274204648,170.62566463001207,156.48101348605613,164.12780136903103,,,,,68.29879826437549,
squat,166.88498722778252,170.5991702088342,156.85224012450482,164.3000416314758,,,,,68.73378919665572,
squat,165.50446293373386,169.77919398974925,155.44724670944484,163.73522878944954,,,,,67.61402640666473,
squat,165.75736172022832,171.23666993278653,157.2345670247942,164.22416508883907,,,,,69.34044826305035,
squat,165.311318007201,168.9608312421977,157.86608923649197,161.2647202570001,,,,,69.18673401008729,
squat,166.07640828282112,169.4670294111563,157.75935382749947,161.81427902231823,,,,,68.86669489989221,
squat,165.60320186839905,170.31734990012012,157.76841801655317,162.49167024748672,,,,,68.69874041460804,
squat,165.78223511785197,170.0347356593181,157.39071489637126,162.4060538380455,,,,,68.42391798532022,
squat,166.27971438127207,172.9598916577485,156.88528174940092,163.82011446472234,,,,,68.12102074123399,
squat,168.66506367749713,174.2562329331247,156.1039219954,163.44378234160686,,,,,67.58842188673479,
squat,170.4673076824734,175.56698908710635,156.99714560821732,164.60133358354778,,,,,68.8901922985442,
squat,171.88791634751703,172.29452169571658,157.67247305467032,162.31940510417925,,,,,69.25419124987776,
squat,168.29513826850763,170.51346504149208,156.17117162322833,162.14010833471175,,,,,67.7827093243169,
squat,168.2844721946857,170.23476309922123,156.02173006743834,162.48989282293775,,,,,67.7925251444106,
squat,167.86682022839992,169.4267205402989,157.18049844451645,161.84268998701035,,,,,69.4247235218042,
squat,169.13364507359302,167.90641473798328,155.63205957248138,161.80183967258608,,,,,68.22304741243578,
squat,169.35177213001802,167.09125950330818,156.2495593404869,161.668927461858,,,,,67.89519849096148,
squat,170.1698201597021,169.13722723443976,157.0610734453275,162.696798905908,,,,,68.92085078991451,
squat,169.9379968271433,168.70938641881716,156.90047055265083,161.71677320504276,,,,,68.75297575619155,
squat,171.2740958348377,168.99335831323702,156.46166691710397,162.95928593555536,,,,,68.90642481099805,
squat,171.02346066800757,169.54248540061616,155.26253991546938,164.27909266437067,,,,,67.83196030758724,
squat,169.13626352044736,169.42641658194657,155.25997234098284,163.97354666800362,,,,,67.04754493252554,
squat,169.17321853074137,169.3680406022374,155.30011258755584,163.34970263512642,,,,,66.9509370758708,
squat,170.16756391193044,169.31214364744935,155.70986271171992,163.32556545968998,,,,,67.27604592625994,
squat,170.27146189741504,170.9714844472504,155.35254488514246,165.87109300864935,,,,,66.83614717759015,
squat,170.66781873215743,171.72852716696875,155.1973832035413,164.98568811495363,,,,,67.15309160113414,
squat,171.5497021060488,172.30736240349577,155.14765856825724,164.32890862626797,,,,,68.07801515957217,
squat,171.473974549505,172.06253150981954,155.1829944356212,164.57029458064474,,,,,68.16592156126417,
squat,171.62794891132285,174.29665385269135,154.58329719397094,168.3408400057994,,,,,67.80209432057354,
squat,169.80645965591967,171.7758475902546,154.10697017561301,164.5820271672345,,,,,67.35860026957911,
squat,169.1471187881092,171.2841008232956,154.16174064026072,165.52093164401978,,,,,67.59089200440887,
squat,170.94752554470864,171.9268129964531,152.97009857655368,167.05341224586368,,,,,67.19445437198054,
squat,171.08899294049183,173.050927099983,153.1213686585962,166.47663248568514,,,,,67.38690174671422,
squat,170.94891130953764,172.76715276874572,153.89309767885086,166.5252188559679,,,,,67.91646791974489,
squat,170.59158717590168,172.667287006578,153.96685157482054,165.83685467565974,,,,,67.9310287977287,
squat,170.17334556087195,172.11461296740788,153.3029122410866,165.24194588772573,,,,,67.15597639277753,
squat,170.65637764169836,171.99891870676973,153.55501533803738,165.20427186899124,,,,,67.50896177134851,
squat,170.8072421814552,179.05245951575597,152.95470643770696,169.82167815906675,,,,,67.10549955452618,
squat,170.27903663014715,176.30274178155628,152.5250264205531,169.1364045252972,,,,,65.93732671286942,
squat,169.30257479367737,174.05982854414248,153.82434932481195,167.02022031036563,,,,,67.3249788381572,
squat,168.86464093375568,172.8534720024974,153.59016749680353,165.99292018636663,,,,,66.75198074382416,
squat,168.99951715102853,173.07193276984344,153.93954000075368,166.3675906432717,,,,,67.21932107642888,
squat,169.50395653213386,171.76428081500487,152.7314884387248,166.82486326764044,,,,,66.27173291190485,
squat,170.04260184695295,171.56709874745226,153.46560645170436,168.0030650550777,,,,,65.93080052593477,
squat,170.1174959943539,172.39437012150367,153.49240121682382,168.2000689637687,,,,,66.02993522983803,
squat,169.2284923740379,171.44996449150568,153.22651118389658,166.81287662669635,,,,,65.81209491645124,
squat,171.17566451024317,168.46616942002416,154.38429925443137,164.6660792479727,,,,,65.97575788280352,
squat,171.30810657150644,167.95734625600767,154.661282697553,164.77492367959763,,,,,66.28903710752407,
squat,171.36601387580322,168.96008002869686,154.8400348276463,165.16093374686648,,,,,66.38706181632352,
squat,170.72229166866262,170.65158102155485,153.6417497868645,165.99646372879351,,,,,66.04160793426945,
squat,169.91352919071622,168.63473506994353,155.17753682505867,163.21318156717464,,,,,67.17857919307812,
squat,169.25939975972597,166.34116793500894,156.7776452804881,160.84373264171148,,,,,68.32320320860434,
squat,166.4385921305424,168.22954168095092,155.99642294581412,160.9271270747481,,,,,67.33021218109947,
squat,166.99023751020627,173.8140558073845,157.16705461830773,164.63996402274682,,,,,68.2816460290895,
squat,167.16981328613068,173.48320990592327,156.65256323266584,164.61127695677698,,,,,67.84403190324068,
squat,167.75605400140196,169.83683735214623,156.78401970058752,162.24337142327752,,,,,67.865937513867,
squat,167.97216801961162,169.35559176172956,156.93970417025082,163.0030445068667,,,,,68.2080524308094,
squat,167.78903251287187,168.0889349155467,155.61178742456786,162.6130796662659,,,,,67.23783222845762,
squat,167.72993663994245,168.59023809727384,155.19528733291284,162.14251366669384,,,,,66.88851253804276,
squat,167.02161631599836,169.17101502668416,155.77554150937198,162.2231081116899,,,,,66.92427503338793,
squat,167.59640019246487,169.93626875760992,156.1488018190247,162.7365601994844,,,,,67.30995491354548,
squat,164.91908669325733,167.27457945049662,155.89472099055854,162.38290457663405,,,,,65.71662389249518,
squat,167.11728439101486,171.50052974270633,154.52081131364253,165.68150728171196,,,,,66.50625829834351,
squat,167.53179629352675,169.30262022625726,155.2864387511901,163.24116472430933,,,,,66.42003787549763,
squat,168.19938152995556,169.41366661914566,155.8537625535868,165.3029685890501,,,,,65.95196500844628,
squat,169.07668422661018,171.1375503646154,154.97685366033758,165.6673697097519,,,,,65.46724777769764,
squat,168.58437869306843,171.32583975081067,154.52458900531946,165.20408047296723,,,,,64.92064575807824,
squat,168.59347497500917,172.23608261085712,155.1299032468849,165.8654948347843,,,,,65.56421102641036,
squat,168.52773542884097,173.34573090199407,155.15178115006393,165.9080288514124,,,,,65.51152087303791,
squat,173.17958858924854,171.75276061265706,156.12696209191213,164.84403003777913,,,,,67.17961817183534,
squat,171.72974840229153,171.52958451889012,156.7404864642959,165.32295655808204,,,,,68.04382770056428,
squat,171.08551558439623,171.7320928083969,155.29917083926782,165.69863230656074,,,,,66.82832677059645,
squat,170.03345381617493,172.65809770963816,153.85177077936146,165.77663122571363,,,,,66.02975194400442,
squat,169.54145776670396,170.62257286737548,155.02984823200734,164.50610609093664,,,,,66.84027570778981,
squat,169.36917387136407,171.4467761389435,154.37147589904964,164.6540723368986,,,,,65.94060846901644,131.6036161655435
squat,169.57828820008072,171.73447554473094,154.28190278486406,164.9497836091114,,,,,65.85785557603117,132.16897809803015
squat,172.20342241995073,173.39046660240047,153.42975930690773,167.23937772757313,,,,,66.05238744732225,
squat,172.39593733514403,174.26299602901298,153.760488809545,167.30884163521432,,,,,66.08021625739585,135.69272931002013
squat,170.39478478711786,173.1354383110149,153.94756964905417,165.57289091961837,,,,,66.00822153538316,132.48112667302138
squat,172.71184549886135,177.0391878459324,154.9959804991792,167.35965113639082,,,,,66.97922848444446,
squat,172.98188008405063,177.25606180780736,154.69271248614194,167.35504624713258,,,,,66.87789894656724,
squat,172.0035783165885,176.01360715470037,155.45061453122273,167.03440174094277,,,,,67.32893123779473,
squat,170.37051218375967,174.99574584032865,156.59295294752903,166.25265225465685,,,,,66.73731946891894,
squat,170.11010281258314,172.79209028444632,155.72375859344,166.36447919888587,,,,,66.14953428069515,
squat,169.97650714610137,170.9429233052322,154.4463816770967,165.96434603589455,,,,,65.31696999676991,
squat,170.21814370800467,171.60959725856426,154.73603234152452,166.92253572995463,,,,,65.82777965002255,
squat,169.08433797885482,170.76623007262975,154.39187723377117,166.77241489050704,,,,,65.53061461841918,
squat,168.38530948387188,169.46513330072662,155.27274216066766,163.9937542909542,,,,,66.99616477719923,
squat,166.93648413881647,170.11181177539405,156.98033022582123,163.2102524600881,,,,,68.01163601246114,
squat,166.61832789203945,168.80587493083019,157.5063928219179,162.7665370576001,,,,,68.13834620498278,
squat,166.20036125091804,169.22833028457381,155.56421565049843,162.7677582670537,,,,,67.3685535409861,
squat,165.8783605170032,169.50984641103932,155.77975663584746,162.8676502237587,,,,,67.35121541675319,
squat,167.69081238986203,172.60857797927878,154.99502364512009,164.35694549025337,,,,,67.41303462804389,
squat,169.25267125257045,172.8603946779357,156.211201098261,164.57167208127532,,,,,68.50919456848774,
squat,175.43067860886578,174.2975723327321,156.52740584109475,164.96357792737652,,,,,68.49944708312877,
squat,169.4371286433014,173.7623462254435,156.7064010222124,163.92710244723833,,,,,68.13490451646052,
squat,170.17651272484753,173.68333309089007,156.7157414126341,163.9717784768362,,,,,68.39237647389736,
squat,169.64770997578188,172.468054369709,156.66341160496387,164.46377606795224,,,,,68.08122050801965,
squat,169.52619868221964,170.5051818846963,155.78184430160672,161.9676551924163,,,,,67.493736887183,
squat,171.55178053036488,171.50148997819045,155.2426080160649,162.30754166716883,,,,,67.2655283510828,
squat,170.4842161586779,171.14451706889676,155.77898508836503,161.5058106072951,,,,,67.53001736739893,
squat,167.53211553103174,170.90669448188734,157.0183202936104,161.40552285197182,,,,,66.93741044288912,
squat,169.87989601135916,169.6073634914269,159.24144021155936,160.7705627660393,,,,,69.90676392111916,
squat,169.12956643636414,170.81077399584555,157.20527908659233,160.3025120507481,,,,,68.20089486467097,
squat,170.13883167647109,167.36975028867076,157.36479343789188,159.1177410555485,,,,,68.95232316313749,
squat,168.16347561454282,167.66841641137916,156.60837124732987,160.51914797945776,,,,,67.47510374269535,
squat,168.3156016570243,167.79610829187718,156.58150970349777,161.3993479096929,,,,,67.82142791510135,
squat,167.53330039308355,170.74129326136213,155.19940707520317,163.47783708669564,,,,,67.11097567317027,
squat,167.1071343184569,172.10035907188015,155.45304716057234,164.4581299545609,,,,,67.22138328145068,
squat,167.99202609540646,172.00994190875625,155.57256832520727,163.13675886138446,,,,,67.10642571227814,
squat,167.189545808803,168.22953396538148,158.42050325616157,160.7704563228433,,,,,68.19910684370471,
squat,167.28384055946077,169.1912927562836,157.6736053232101,162.0585999879663,,,,,67.44467584067479,
squat,167.27318884947218,171.50374101497223,155.7239190511174,164.86163154708476,,,,,66.50701070483129,
squat,167.66637328509455,172.95478205757652,154.70360541293925,165.43494671004225,,,,,65.84718057117625,
squat,167.64962294845998,172.97477237503116,155.78898843472817,166.0648085350475,,,,,66.59785642914973,
squat,167.75716423532694,170.29935106842774,156.23265757018618,164.72703417828367,,,,,66.9842006601414,
squat,168.70122181880157,170.07371746937784,155.75131755412733,163.82885813594044,,,,,66.51030300680559,
squat,170.34894648894976,170.8731267237498,154.90409265977928,163.84641360215173,,,,,66.52659456216008,
squat,177.3006210574166,170.9134046840372,154.53802442692626,163.8943416039659,,,,,66.3350936135141,
squat,173.97437669150193,170.7710350846965,154.45248270217792,163.7628562644948,,,,,66.32485197568664,
squat,179.19111844340426,172.54431869336557,154.31763520377174,164.42579415274037,,,,,67.2632544497268,
squat,173.0891354023758,171.69526670353633,155.50152491241806,165.50376435035693,,,,,67.44222922951782,
squat,169.95501939529095,179.42673716444688,156.75628088237653,169.38059758513052,,,,,67.5155025240255,
squat,169.13097756744034,178.82627962396802,156.33332663122854,168.09382149715566,,,,,67.00986698323763,
squat,166.76799404681933,176.33783055062403,157.04755935526723,167.49421331089982,,,,,67.33518624461934,
squat,168.74425975605584,174.2074047075952,157.83794395231118,165.45868783167856,,,,,67.99210878132249,
squat,168.74782021359266,174.64271745742866,158.24725495356228,165.8296045432422,,,,,68.34816526170647,
squat,168.4854629071361,174.290020710439,158.2242946333624,165.20903975540864,,,,,68.47260312483884,
squat,168.22172009605623,173.8387277195691,158.77945456806683,165.23705324084406,,,,,69.1218962311189,
squat,165.54559812077994,172.0018476735554,158.3527651047382,163.11865527922913,,,,,68.57111037838924,
squat,164.07760269259552,171.766154441134,157.95919568545915,163.97220906474814,,,,,68.54394144730489,
squat,169.72425078150596,171.72980228546677,157.63059683571578,162.6866398597033,,,,,68.41558210191312,
squat,169.77836340539972,171.39552267254604,158.84482511108044,160.7615479810019,,,,,69.17341670197114,
squat,169.91133312524312,171.87505801146898,158.81007277259226,160.65743002264003,,,,,68.99799273089141,
squat,170.60439342734063,171.08089521941008,157.58955701261266,161.0452014897091,,,,,68.66870475855502,
squat,169.1567924219675,170.08010687157721,159.09891696060586,162.1926102552161,,,,,69.59855887868169,
squat,171.45610674893027,170.62590412914284,157.8740530967953,162.35224694401793,,,,,69.09925013116725,
squat,169.4507167690055,170.2790711579552,157.5816524164733,162.56797993591394,,,,,68.52203939878734,
squat,169.06691920249787,170.18250780929634,157.15408767416815,163.29411892380978,,,,,68.29791844355324,
squat,170.93099851245188,172.06309016150388,156.67547477600897,164.19138945220337,,,,,68.12578326248223,
squat,171.1009397833906,171.97647807159584,156.25553505613414,164.75614021728228,,,,,68.0272788883372,
squat,171.828791318588,171.75654597072767,155.88456039784788,164.38701225333887,,,,,67.7414081386079,
squat,172.7124346465555,171.35782091068296,156.20790196512453,162.77237071234035,,,,,67.89118455958807,
squat,173.30287258922021,171.55205172408702,155.5421324738753,163.76258104540648,,,,,67.69410915595309,
squat,173.4455710982515,172.19064617177898,155.7752620185983,163.64846743143403,,,,,67.81825114211146,
squat,173.23239052512497,173.89022888470268,155.65518280225808,164.3438828723411,,,,,67.4536759590419,
squat,171.29639862274732,171.56641388440326,157.34005370244722,163.59080783732617,,,,,67.93795370961564,
squat,170.34139412017257,170.79736153335944,156.9714316990241,163.15325833315038,,,,,67.82993724485522,
squat,171.9949783386459,171.84730843736975,156.81949647453573,163.5811986759153,,,,,67.7836005229788,
squat,171.60748109649109,171.52971661064763,157.53800549070803,162.7759089656495,,,,,67.9933840973513,
squat,172.19438331256003,173.37833164989374,156.9179527075129,166.02287215740233,,,,,67.75197142010077,
squat,168.1349852643301,173.3239658006038,155.47465506980166,165.29507796839815,,,,,66.18225638664518,
squat,167.97376123830233,172.9536707597045,155.43404934069082,164.30052156857673,,,,,66.28039712760918,
squat,169.323483020671,173.6196990546394,156.12599015847442,165.13480324415926,,,,,67.24036677610923,
squat,168.43542702301073,172.34706918504048,155.9898719831645,163.11748935344153,,,,,66.38672960697595,
squat,168.5131512075483,171.40648851236045,160.33723610178615,161.35702265026785,,,,,70.17299381793957,
squat,167.93651572023066,170.27252661902725,160.4905801395461,159.66703854722118,,,,,70.94402846824741,
squat,164.67509470337157,172.92900631855417,157.36111421068495,165.84626597429434,,,,,69.25428361972374,
squat,169.9934414501977,175.76552811914559,149.41557049739237,170.17477448481938,,,,,68.01672390490066,
squat,171.98602779777642,176.1103104027958,152.26372793653638,167.91785711576762,,,,,69.92586999765189,
squat,176.1574156382205,172.2619178316955,157.11431397552553,163.6597236995615,,,,,76.29543657569042,
squat,174.56652174356847,175.96109621916187,163.5029467278406,157.05656763730818,,,,,79.72682273612546,
squat,176.44429828668504,178.43825075838663,164.10356490388645,158.40179064372458,,,,,80.73533082380253,
squat,167.80079368547797,172.55423764538932,166.1351431175597,143.7041284204259,,,,,82.36006909104067,
squat,166.34324364844738,177.30957808610734,158.42543662368504,150.44733135141382,,,,,76.35849070944865,
squat,173.4847214308539,179.0124468914924,172.27312166498965,140.77539702343742,,,,,90.54334615039929,
squat,171.57889893708364,158.83668227363074,175.46762638289547,131.22160919020303,,,,,99.63742573325767,
squat,178.60273338880845,141.4855665940937,179.05520723118178,131.48144286949523,,,,,102.1856027289603,
squat,160.96796107021765,127.02346031084136,171.07328764513176,152.15495413404597,,,,,172.50606982147343,
squat,152.79569518234325,122.36454779863021,174.11499265837833,170.29034224908375,,,,,103.33895016200631,
squat,151.73756115755208,165.55106146781077,165.97402122150842,176.32429417121878,,,,,75.48948578929141,
squat,147.76833818437612,160.13672683687307,151.23287578945323,175.4278142940989,,,,,65.00068148554523,
squat,140.2549151226989,162.93450136384266,139.19235185219875,173.18427583748695,,,,,66.64912910368763,
squat,158.0722027537167,179.921831083075,130.8310416782171,159.37498039630134,,,,,63.80547362158088,
squat,171.4044488053879,177.59630387146677,134.82902363750102,156.73080958388425,,,,,61.29304478580451,
squat,174.91239229460766,176.3132666604907,134.54092422521302,152.92663759029563,,,,,58.318486506028506,
squat,173.7943121005063,179.35266654735938,131.9112921918555,154.75774370844928,,,,,59.26586077111686,
squat,172.71595389191788,170.78190262633123,135.01077103775975,157.83887944144703,,,,,56.92177281715071,
squat,179.16393959948826,137.1873366998012,138.63143450213835,144.71164554702165,,,,,52.61335286056312,
squat,178.93263081092965,131.9553436245705,141.7660952319776,142.1930261463348,,,,,52.330868634129494,
squat,178.95772829036957,162.04802294622064,147.40001922479738,151.19101780871983,,,,,54.38609251310413,
squat,177.19318003861815,175.60521762493147,152.8769633889957,156.37387000912662,,,,,58.00622806653633,
squat,179.72436614697494,177.7868238318921,153.20732821158077,160.7223531525958,,,,,61.66930344661343,
squat,178.5852315249324,178.60596264825827,152.84330587727914,148.49462494965746,,,,,63.84543573723184,
squat,140.3950448361272,179.53900155982708,132.42912310449208,150.888621983844,,,,,70.12501993742681,
squat,133.4936702836177,179.15156519674485,124.72629395781303,147.36379675441742,,,,,71.2731903826595,142.51747415879376
squat,149.0396888962675,174.88709469700808,127.21249751633064,147.9719620026916,,,,,74.56579248170938,164.72167312585375
squat,170.63905552528212,174.98871535436288,130.80704769504942,146.85650788601657,,,,,72.31369256727844,162.56840248925909
squat,174.6704851407191,179.982092331199,133.92827923275368,142.80287300946588,,,,,68.61445174195485,163.01070662197787
squat,176.68299825161534,177.47734116445082,139.12598640665803,146.9391480097196,,,,,67.67866591787212,143.95900653843495
squat,174.36289847325548,176.76557857693476,142.69178171378584,149.13303913295738,,,,,66.66394993808512,149.72951030502983
squat,165.4133798303514,176.41917650615798,151.49097923528853,144.9840626508871,,,,,67.61996163206685,133.08937889411268
squat,167.33085474222656,174.8604997701918,151.03753895608284,145.70694092147198,,,,,64.07855196526967,143.8838611163818
squat,170.26524254353893,172.37866011342464,149.99383883045783,150.41112230796256,,,,,63.94810259244502,142.53403720494472
squat,169.61101051686728,172.72739590269893,149.112451823096,149.03801706123699,,,,,65.08504055870786,141.67422813379486
squat,174.3901902606003,168.6254488512958,143.65285047264473,144.17783169474464,,,,,68.33821849921304,144.71668444108207
squat,177.20198407745113,162.15583407653503,136.87844496279973,141.4508411465397,,,,,68.1050409180025,136.54122079325552
squat,179.37320868375275,160.24439888169636,132.23557106700437,142.7039783151486,,,,,69.78307795436167,158.8509320870473
squat,178.5284940511874,160.91081469718614,131.104499874143,136.5911037820616,,,,,72.18598730616216,152.39967004471129
squat,170.90055780474367,172.81232603240252,127.21405461053081,145.34210746034287,,,,,71.74519538348807,157.13166345088598
squat,170.1001493221469,175.8408395207588,121.36459259903565,140.64360487485885,,,,,68.22450047323115,152.79320448147212
squat,170.39684999000644,171.98209673577003,121.10521008163929,141.94139166571702,,,,,68.15523411966798,135.60308604516806
squat,177.84827578310018,169.67416834216613,119.85785530320389,143.89190837329042,,,,,63.3513305615241,110.43349800656901
squat,177.95420958739763,174.53471403009755,115.40953293554813,154.00292194105444,,,,,56.9494531496222,116.38966898171515
squat,175.57837812542385,172.95332340436815,115.74988980575375,147.89878759956287,,,,,56.8305227321719,121.40916923098837
squat,173.3833301487937,166.27197413580083,127.33407673983511,139.27460418578306,,,,,62.04606712619164,154.24414897551512
squat,170.55374505331,174.5309141866896,130.8390399915113,136.19799308261287,,,,,65.45453947819398,157.42139696677867
squat,168.48992393625136,167.83395343578135,124.94104663726816,123.64306180674163,,,,,64.64922581134975,149.61555801566774
squat,145.19088037854178,169.625316389558,113.92502215917139,130.7562162884745,,,,,66.52713029537028,168.73520174897425
squat,142.11499517008824,166.6413901116156,112.95291636114615,131.741090729846,,,,,68.8405748568485,178.02852450363864
squat,142.7252409507552,160.7258578727161,109.11963638821788,127.6043321084415,,,,,69.23526864779245,165.64359000878073
squat,142.60518576231811,160.36780808040737,108.73077943623952,129.64201658853668,,,,,69.77665625672803,170.74360980877805
squat,146.39162313645414,153.59899065076794,109.75495899991743,126.71590292795467,,,,,69.22193310960004,164.1249535706349
squat,143.99169267300022,150.03252703088276,109.08280262131682,124.44893282790098,,,,,69.33602573835694,168.28316260100976
squat,146.6043716016832,150.50486607444037,109.69151553419945,125.86222120847651,,,,,68.87098510087492,164.43985340523622
squat,149.74655336733528,154.5174241102979,111.07836210414143,129.094287539095,,,,,68.42325076135397,158.8991740334526
squat,147.95145760658724,158.23493762993434,108.43572459313685,129.36585011523977,,,,,67.27896216975299,153.70339784653783
squat,149.484809305101,163.8246527984716,107.8999720595809,132.1867972780494,,,,,66.10696947484061,138.25533377223408
squat,150.41203028272872,165.50480407581293,109.18539089186872,132.07729790042978,,,,,66.54525315975884,133.21512908934406
squat,147.76927859738853,165.43280016810127,107.02044862994325,131.4381350003231,,,,,66.19253247058802,144.0572121026951
squat,145.47475183873644,161.97255164082762,111.8502381266149,130.7579026785694,,,,,68.55495754008997,159.37645721070214
squat,143.33133245064832,151.75420437258245,113.07835851240989,130.26881342837294,,,,,68.8087033837451,169.88841848275808
squat,140.95389122747898,150.9800358404033,111.06539328863558,128.46906348439168,,,,,69.068155752591,170.8531164467045
squat,140.23560567526667,148.56318138351756,111.8265216163573,128.15547442011234,,,,,69.69389366513259,166.40856324922095
squat,142.39663884038427,147.9025298018947,112.54148678612324,127.39295486111736,,,,,69.76618134991628,176.21539278652332
squat,137.442806638708,149.57889066677328,113.72950633239257,131.64406550558678,,,,,70.7975534617533,178.48141592778785
squat,138.15166741199286,151.1543114961949,116.2577095206132,130.7559653176631,,,,,72.53683173760324,172.51153510977133
squat,139.10752855749553,151.33531061637413,115.28454451556514,130.01138619525517,,,,,71.61337831476658,173.25591281206988
squat,138.96377034276216,150.42767609721417,117.69683189761324,129.7599320915657,,,,,72.46899933778691,172.46857222966707
squat,139.4390992374711,150.93392866130452,117.09481858308403,129.66186418977816,,,,,72.34238237468276,172.94791994689723
squat,138.29412218852798,150.46282497387733,117.02010674684138,128.71224981466108,,,,,72.21776777293258,169.8247791672872
squat,140.43466600387973,151.1295806041786,118.25381649165548,128.3069054955455,,,,,72.13728889859173,172.2283271731263
squat,140.79216092095416,149.91650141317234,119.015284913591,127.46305162380075,,,,,72.5309853500913,173.3147492817032
squat,140.30869880213865,150.98244677404386,117.66835412378458,127.05193218462658,,,,,72.2142179240892,174.10552719138283
squat,140.7193329663879,149.61547743122654,117.6903360872496,127.37838806362578,,,,,71.64815765464174,167.65353537068054
squat,140.57394370570432,150.6453653495475,119.62662322906145,130.17580880090668,,,,,72.28717647615503,170.46783715029235
squat,140.04144108409326,150.39764356207775,117.80043405892707,128.92918059720012,,,,,72.28167927276773,166.86545321507742
squat,141.3816018005217,150.16802468273957,117.60111855575127,130.75995410644094,,,,,71.71719343277121,169.11531628337934
squat,140.15946125687358,150.5711135008426,118.38617579266285,128.81128455140714,,,,,72.6046655485382,167.83617730258055
squat,134.28580823160536,155.75378666185838,111.4095588292363,125.037396287298,,,,,71.85739862021632,168.91828319785475
squat,138.36096105501815,155.77914547853663,113.48877947649942,129.8085928452666,,,,,70.4150251978421,171.8861782088542
squat,141.39941276988336,155.98249661698827,116.9256646835651,130.47649592103474,,,,,71.84820621193246,174.6578315067926
squat,140.68776287901449,154.25077730303508,115.65669785750907,130.70671866551987,,,,,71.16509207840923,172.57701776189037
squat,139.58517869632212,153.8179113110711,117.07006274908878,130.45592969368596,,,,,71.93525507790096,170.2171478778051
squat,137.9591674376993,151.65681879704388,115.46580680170466,128.69627982987333,,,,,71.42033337101661,170.8098239929454
squat,134.40196550567106,148.9488438322344,116.0374734215794,128.69309448075754,,,,,72.50202119480899,165.0888077941953
squat,130.38730877801004,140.19504336610362,114.83320866029267,122.0088819232552,,,,,73.34640781708443,159.96571644847975
squat,115.12957742354487,124.14772926878528,106.87792510583827,105.2734774066013,,,,,75.51929832594205,152.37352362023674
squat,113.15126365540748,118.74335743365098,102.36502546017198,101.39050017761463,,,,,75.63812791045994,154.16682713477266
squat,105.68234344427108,107.0579120709702,96.41324767258001,94.85155737326858,,,,,76.25551030319247,154.18866815325663
squat,86.62909236630121,96.68380106904421,82.76070001417507,85.4858209101042,,,,,77.30931219516232,145.18603367471886
squat,83.96436326107744,87.35721675329903,78.89645728018233,79.77589006168937,,,,,78.31783679838132,135.6612688163126
squat,72.31057628235467,70.17827454647137,65.38250070210982,72.92508697626607,,,,,77.76930321787538,138.371685451407
squat,66.30926127013163,66.2008148153678,60.59958390291277,64.55654378508461,,,,,77.58726628955974,142.38260842540575
squat,65.22670783142597,68.7312154283842,59.23352175976758,65.29906729071861,,,,,76.79455360671511,141.9701948840566
squat,69.1151859440404,69.32540074793032,61.598802896287985,66.18128529446491,,,,,76.87248278998356,144.08162108155383
squat,69.55639556888126,72.58561884943933,64.63538447875801,69.83958596298851,,,,,77.31266222638497,137.0482010039249
squat,78.78313091997222,68.19808403020106,73.53822556407714,68.37069807117655,,,,,78.54346278521945,137.65652827768452
squat,82.22808600893906,72.20448776759156,74.38311717335239,72.44392190119827,,,,,77.01487502953734,131.77744407324937
squat,95.61983163158773,84.0494219086306,89.47033059648098,84.61855966058312,,,,,77.79097392326062,137.35750655748393
squat,109.82907395861295,98.6928062685602,100.36026070983154,99.4841908171061,,,,,78.93783919059366,
squat,114.27672158170256,107.51383130781122,104.60854797055086,102.19306601110489,,,,,78.2570459592251,
squat,124.55135405714881,126.36417310495995,111.31460664371674,115.27345029686116,,,,,77.23241472827257,
squat,145.4590981434791,148.15866913622258,114.88619399141817,126.02203812713076,,,,,71.20443840025685,
squat,166.90109261042906,178.37318450760748,122.19889419348986,135.7413839153405,,,,,68.97024494647798,
squat,171.89279183553714,178.3356530105234,119.50038124436647,135.8172174445231,,,,,64.88847702542213,144.39705322272718
squat,166.20809275902783,177.83590370572324,120.49527654012277,133.531024288662,,,,,66.74088991371603,154.46806472241386
squat,167.62692355703842,179.7037872729056,123.67239939982538,133.51652749067574,,,,,68.26649923489066,150.33413155584267
squat,162.03749653167097,179.24010443269643,121.9214502532158,136.9214734416243,,,,,68.65189276411974,164.28003225501573
squat,172.4364269525669,165.33720240008887,133.9573881061308,155.2385629016004,,,,,69.77375328554307,174.6105122149288
squat,150.72362907743687,173.5644962693169,122.53809026350712,135.8584815709767,,,,,70.21439687046532,179.53956476098523
squat,146.5821940298652,161.4393989893191,117.93690773427049,131.94788721977133,,,,,68.79697355262529,176.58429236814393
squat,131.97621687849352,136.90948271798302,116.3169996238671,117.56328288049251,,,,,71.95753807577309,158.62669398230804
squat,118.78006405547151,108.03964198609124,108.42807934738805,95.76584364541625,,,,,75.63348486053565,150.648463891076
squat,104.97998810307871,106.24110638776678,100.5915323935526,93.66339022527157,,,,,76.04086254130038,144.9339088021075
squat,91.39689204448695,96.36036673582001,90.19769856061919,86.20056956302463,,,,,77.30333866867197,
squat,83.81763809068278,82.12575520427988,84.03627647259785,79.08979033878352,,,,,76.46907104926504,
squat,79.26775959837762,79.98299899094731,78.63159757888872,75.75104594268147,,,,,78.33818905323257,
squat,78.19477077317748,77.14728906223029,72.43625429190571,76.88032851492476,,,,,77.56632090077333,
squat,84.17291445334921,79.0033129606787,78.69137520967016,80.12249412584438,,,,,77.32604211727593,
squat,85.13258387384525,83.64230976036971,81.71693333787059,82.54456931527588,,,,,78.2848745151244,
squat,84.10242898824744,83.5442779797583,85.00429788850367,79.50261809574319,,,,,78.26142390207711,
squat,95.51298698487548,98.54172455956873,94.74666537505364,92.27695958237236,,,,,77.10809733616695,
squat,108.24060883109628,108.63732033193338,101.07273549781634,98.57891028147925,,,,,74.63943726664786,
squat,135.29938897458578,134.79336184195014,107.33134233944693,112.81911856838784,,,,,69.85612585516698,
squat,162.2570510766832,160.79575092184697,121.38305881466718,125.60510744595992,,,,,70.6828492892364,
squat,159.53113424882915,172.12037085883068,121.44351537854288,133.40019578201955,,,,,69.69018862866592,
squat,177.59886443868908,173.92868674547552,124.75375052844488,137.5561371621371,,,,,67.08484296052401,
squat,173.0732637626254,178.2793440981896,124.94093260504322,137.2263225615112,,,,,67.29210122193979,151.10929449953673
squat,160.93112903549866,170.8836306353934,121.34932793730651,141.63498770068065,,,,,68.10208691158846,159.52974070869476
squat,155.67180007614678,170.62071671931693,115.66731736898491,143.42517480057379,,,,,64.90120618489699,173.3613117215031
squat,167.65375845957294,169.08339705808908,121.54980835546324,144.3366118876446,,,,,66.05899464544252,145.9326036865559
squat,166.83029861828328,175.07716844019427,122.02401480176817,139.3521762048128,,,,,66.99012946641157,147.74732147097998
squat,176.38720999743472,178.43845203948004,126.81488443123202,141.6794776838482,,,,,66.48847326545157,129.8045983226499
squat,152.55321758650942,167.2682416009955,121.69779204891533,134.9228161303603,,,,,68.85543161477877,178.36214432893556
squat,141.58679940074373,139.77320465067115,122.41877482079828,122.64368578643631,,,,,74.61862927764828,167.6765441289434
squat,131.69747193092047,136.3686942008503,115.61701596324497,116.8459074085808,,,,,73.88472167157727,162.2160772074299
squat,118.77106626929182,108.72482936631337,108.52896979258833,91.61799321578404,,,,,78.2570684255848,151.3934080925498
squat,110.32955371187495,108.66652781678395,105.7411185258691,96.1425946881907,,,,,79.05012754953263,143.64570726769242
squat,102.77412070077888,102.29127001462491,99.20571689068632,93.50440057558862,,,,,77.85704665466827,148.02585923769487
squat,90.36051343554044,87.4939814738584,89.2655983257483,85.5466332883942,,,,,79.04553265059072,
squat,81.56368919798078,79.31027136947786,85.63263038157568,81.90590253795807,,,,,79.51285679370807,
squat,81.0988221245006,78.33824174770854,85.10219020751724,81.49685108268486,,,,,79.90572400308689,
squat,86.19061415890388,81.85615675190135,88.28981918676307,85.14499282346095,,,,,80.71584547293716,
squat,93.56886370133908,86.73087747284285,92.8267720858281,89.33462800919183,,,,,80.82683224916383,
squat,92.25246979001155,87.57626506845772,90.5455257074422,87.88626158166167,,,,,77.84513748500022,
squat,103.5873142061234,101.75891392042674,97.99160549381523,97.5374158153658,,,,,76.75518478923571,
squat,122.56143774937107,125.60882035039712,109.6931552888044,108.04528126831433,,,,,75.3042343873529,
squat,155.30823895183448,152.04211270647636,122.32720624291964,123.52981149419345,,,,,72.84473888359395,
squat,162.19510393858835,165.80356025124067,122.2195735026348,130.4057560478594,,,,,69.8604262403241,
squat,177.20063355431793,170.25665698004187,124.19260638365841,140.9919833376407,,,,,66.38389773890128,139.543766835886
squat,176.52429069268865,171.07428826177056,122.76955451380101,141.4835104374633,,,,,64.8947091860794,148.85620148706622
squat,177.7448955738985,170.29136921427826,126.44689824901863,141.9584161313734,,,,,66.72702435868655,135.8529049286707
squat,178.72750505499454,172.9707634403725,127.58080875760028,140.56272063108466,,,,,67.1916272104304,138.3253837435686
squat,174.64118331710708,176.14662823359987,126.78676490859338,139.86576153599776,,,,,67.59949619931234,146.1360117654754
squat,171.24513414434537,176.28192167285235,128.9595502423134,140.58037884067357,,,,,69.7428264700518,158.13420117778875
squat,170.0649988532104,174.61080818510638,128.78069484969294,140.5747532151294,,,,,70.2059069165739,157.7495155971518
squat,167.77313583234675,177.77929233039077,127.39749567294396,139.57773598336672,,,,,70.21277536511093,155.50707375820699
squat,160.95524457450222,179.54066820160557,123.30188339612124,137.079804855115,,,,,68.82133719295001,156.44189939477113
squat,145.23712738926415,171.1678638475241,120.35939745085301,136.5270896773606,,,,,69.75696802263595,170.68863972311487
squat,132.82627474266786,145.9973008081288,117.53757934930033,122.22009345027872,,,,,74.6854738448804,163.41408861209283
squat,132.9950584320059,130.8638312984263,103.13399191560195,103.9448856112768,,,,,67.61739924226791,179.19968343384372
squat,108.09586422457193,100.80059156219143,95.50918852316387,85.47672916006982,,,,,74.84646059738814,155.67613115245143
squat,93.3792931820558,87.633908249209,84.10068821642409,80.18176223977906,,,,,74.24864810825176,148.56845736225864
squat,83.54721286432377,80.82542401487918,76.31243679343186,76.46697091751832,,,,,74.35119551772722,134.56398296823065
squat,86.62206100491254,88.29412280452917,84.22663513789603,81.1657455261582,,,,,76.95903855201121,129.57555402679145
squat,89.9791797889029,89.57688750412304,87.08451629378249,84.9634472885338,,,,,76.94490465517741,
squat,88.2193437320997,92.60378082696688,87.54115731529586,88.62081255869472,,,,,78.14857760782915,
squat,93.40896662472932,100.43351729616374,95.2665494216579,91.97932345270515,,,,,78.52911839787141,
squat,103.33547948371205,112.86371152401229,99.07390082851242,101.51969424228294,,,,,75.47885229811139,
squat,135.05578877148454,130.96859826765615,105.9214144608539,116.84631350748211,,,,,69.22795496961199,
squat,154.3266656254097,146.59432846713244,116.82033067011027,121.06618420426986,,,,,69.2385336046923,
squat,177.60272636798888,165.59200015653255,123.28932955175887,135.41946593049812,,,,,64.7879264464696,144.59133288961564
squat,176.52871002093173,179.7474268753144,121.09087424000668,145.5197496316268,,,,,59.980433013521115,133.48050943332353
squat,178.1389674288436,179.6589078404226,119.88923072667036,143.32058681228702,,,,,61.02039017711625,127.17766522548675
squat,169.01920126404698,179.70263334130263,121.07942411811874,141.3691353459787,,,,,63.616207730320966,138.04663866983458
squat,171.15174930182178,176.35416173102885,124.8064091259407,141.68603343163096,,,,,65.2800748360178,137.63636791983518
squat,176.0723612500411,175.96351763141817,127.24479065771203,136.93761633324007,,,,,65.26711933992847,128.14319585862273
squat,176.47474099481258,178.5305228177914,129.7670728408775,138.61909019691115,,,,,66.63516478011356,130.96129871768278
squat,177.167946723953,176.14338276987755,131.43206668499366,139.11583524164092,,,,,67.10913770553451,127.66797792618975
squat,175.29056174507832,175.40411829570843,131.7710534030297,139.84741333509768,,,,,67.66913264170161,129.64147568313413
squat,172.34729361213246,179.42394207573452,131.05973545411547,140.13746673817775,,,,,67.93887090992072,140.65788413992647
squat,158.45535123628702,168.86360230020813,124.3018018703171,136.45091610007228,,,,,64.4513346402177,177.73918941592584
squat,160.43888011338922,159.60917612117495,128.81522179204285,129.61801189838133,,,,,68.91720372967048,173.92913810436795
squat,132.45440747198379,137.5679106599121,118.82107839852185,121.1629403899489,,,,,72.02835523915488,161.70549373800318
squat,104.9387943240948,103.216033208294,102.25817719816482,99.24995286229473,,,,,74.90742869433262,142.21760776476697
squat,93.06803578978203,95.41556813596023,97.65199713484975,93.27485134527265,,,,,76.55941352608636,127.16797630544114
squat,78.43250811188244,84.60163702672641,87.29070776274948,85.31626868614771,,,,,77.48254570272351,119.04305145346986
squat,69.7376633989429,65.73517499329238,77.56325783722039,78.59206937148551,,,,,76.15288467103638,118.18025208902485
squat,67.168626350979,73.8684162931785,76.34190483193296,78.89005512000261,,,,,77.12495491513145,115.72243668987886
squat,70.24437048427585,80.24711948827925,77.58088741235139,80.42605108041246,,,,,77.81966711455294,122.34330921568844
squat,80.50016581838304,74.68921311908105,85.57750022348293,85.78915211593588,,,,,77.9883385044084,
squat,89.16897528040774,78.93927714512603,93.5661546062036,87.43877470185421,,,,,76.83289762697879,
squat,102.21618180276647,90.77202446205733,102.2063851670478,94.86666928178914,,,,,75.28945073990754,
squat,121.54502871463673,110.27742329832108,106.60907569398948,105.55368233507413,,,,,71.89235041912994,
squat,154.32951308686853,140.91545485382542,119.6273306632435,113.3290826590904,,,,,70.39362845033855,
squat,168.2377759752079,163.38978743021312,121.62982635907474,131.40875591126252,,,,,64.95101032210606,
squat,176.02124396204476,171.04185093188255,124.29062160212645,136.28119703439543,,,,,62.8951135426106,
squat,171.74273740131977,179.05651550735374,121.90985615591151,140.6479163478694,,,,,63.35018315029074,
squat,170.5464848344655,178.42071843754988,123.6570250333822,140.35423862872585,,,,,64.25382939813308,134.95521871493898
squat,169.93352504806376,178.82551518981307,125.07306753832384,140.833846093066,,,,,64.85831512427151,138.55560624438917
squat,166.9499735129881,173.65484486263557,125.66486165481685,143.91499061425492,,,,,65.4874046700625,153.42671971016694
squat,165.93014248883347,177.29281366898357,127.43771808044505,143.01524378863954,,,,,66.90798632260423,152.31010941348697
squat,151.42318768837967,168.284340079388,123.34962151163407,139.69900081601895,,,,,66.62563857383753,179.4377471033269
squat,143.328294102823,160.52874168457137,118.12246748315945,132.3710903059986,,,,,67.51995150390651,174.8937013087717
squat,123.83113451088298,138.38143938214458,109.1693221087541,120.37223501699589,,,,,69.21075015698676,153.314945317122
squat,104.27766646299904,110.28667720033668,100.3828812555219,104.3363355492661,,,,,72.96816809689382,142.06679581126426
squat,98.93165856325638,96.95287389741554,95.5267356290836,96.93368402421065,,,,,73.8599442405849,138.2697265536501
squat,83.8243687869319,85.10617951743755,82.90155214641264,85.64749983525422,,,,,74.71603730965221,134.15368818661835
squat,72.02046861986919,70.26934650885228,73.68286959954351,74.80821292308629,,,,,75.76352963250459,130.77246355109472
squat,72.17114350065918,74.63703692580481,75.44696757670363,75.00313172568885,,,,,78.04131921605098,124.46018014514583
squat,69.59054291398768,73.93441618960692,76.83755615140191,77.570588231799,,,,,76.0282200593546,111.28045522993493
squat,81.58541619295003,75.04987959537573,84.91480275581102,82.23777395248825,,,,,77.50192858832156,122.4109568332116
squat,78.19788597888972,79.39005838917349,85.07705259972316,83.36906113522541,,,,,76.25810997873691,119.3601957505712
squat,98.16403058445485,91.92647431537047,99.09292868319346,98.71332063587748,,,,,75.19644297040111,131.85108050261286
squat,112.58344077597289,99.94743589060498,102.32046605861615,106.209201054558,,,,,70.3831908916157,138.36517841160932
squat,144.67527066764578,132.40411070669902,110.91337350355913,118.79791984315816,,,,,67.7994538789183,175.69083141577872
squat,167.02027475451868,161.4280590734271,120.70075571489105,132.3942724160753,,,,,67.45974540298744,161.77626786597747
squat,173.87986262301362,171.4945740723361,124.65997939858963,140.39859294948658,,,,,65.89275885705523,148.2538312375601
squat,168.632052839218,173.96188556178083,122.80854841012416,140.62557875459595,,,,,65.98380420172437,147.2437631868081
squat,168.69494103162293,178.15735851945783,124.8143852544321,141.86271362768764,,,,,66.61280801776338,140.99804754123778
squat,173.41435646667537,174.86421507510198,129.6650516835252,144.14097261025125,,,,,66.85144437281292,140.7027675969901
squat,171.27255048080437,174.31462268592296,129.28438739854633,143.8814150962427,,,,,67.04807689262145,135.8709039731785
squat,165.5099972952595,175.30800726142442,128.15178301367064,144.11028053372036,,,,,68.247878547372,146.45139005644697
squat,166.56223353210382,175.59117541620182,129.74720610221445,142.28756848595188,,,,,68.07068672746128,145.9219230302257
squat,163.03759189517996,175.56881527688145,128.80268822344064,143.6081406645501,,,,,68.25156016101703,159.40364723788386
squat,162.97736679917904,179.21037866276018,128.49889970220218,142.86637880300577,,,,,67.58786481592067,159.38137465840728
squat,132.33646606103335,160.80524686746605,115.12331786041088,133.84501866296225,,,,,68.93290190887987,157.80681505223873
squat,108.9550646698292,125.44672376599729,105.72113426704763,115.34560334214,,,,,71.84287681017054,136.85287028063945
squat,90.18708425732035,93.00724812148805,92.71139872161723,92.84397424401054,,,,,74.97749066997315,125.10410525690767
squat,85.60482044533751,88.76137633743902,90.85080624014321,89.28093708617105,,,,,77.11318115011125,125.2804975104087
squat,81.7811868739541,74.94831961738011,83.35396574692516,78.86324364099352,,,,,76.5769592411379,125.77154967968897
squat,75.47620891104104,68.77515163233832,73.26138740893565,75.43005937994744,,,,,78.36431213931732,131.10334309885727
squat,77.61741334841749,68.33195726921707,74.38865553259805,76.81553811588874,,,,,76.75365419471703,128.8346285733315
squat,75.5964544683545,62.1724345610727,77.6087566206826,76.33535082846625,,,,,78.79855148480705,128.10806999178533
squat,73.21878716308854,66.72600357450298,78.73021797179219,77.62727611583811,,,,,78.0474250259007,
squat,75.13754809340338,66.5518790587525,82.62294139537718,80.41005311328473,,,,,77.72895472316169,
squat,80.76694295532329,76.71279201589375,94.58589477262798,83.37268804341554,,,,,80.6580489987817,
squat,92.38444013879182,86.0361662717201,97.0756311463689,92.2772830102644,,,,,78.55843195672406,
squat,108.70185059217675,108.11859097187646,102.11877829209155,105.1468318768978,,,,,73.72497045551488,
squat,145.61803850009997,130.70573769190165,114.20289463634494,117.95529462226645,,,,,70.14809368165474,
squat,159.1559451229542,148.6973365023259,119.73296578247685,124.17039574241004,,,,,67.71625392869582,
squat,176.05087242747592,172.76306992553526,126.08657830778598,139.90925847048592,,,,,65.16759291806517,
squat,174.21172422313796,176.2893748439512,126.98016586018886,140.7882140340119,,,,,65.65513004481829,148.41826704098486
squat,168.33712569606695,177.94230482066135,124.55723802956024,141.9330905038324,,,,,66.47768544937773,145.7067291588411
squat,171.17776809616427,177.18053240776968,129.20326223762692,142.72789131046218,,,,,67.43115514608294,146.93710423946035
squat,169.95430330627994,175.98750445303753,128.9969271830118,144.70360309792753,,,,,67.095806512781,144.96629045648794
squat,164.36349898031304,179.37111606384448,127.98373174076264,142.3356973137673,,,,,67.85275557215647,149.0400171680092
squat,165.70218424969002,176.55064496611482,126.34602937321306,143.22758076622046,,,,,66.94226760993719,144.53605256455418
squat,168.38379747584432,179.4690401371651,130.2695541005592,141.13898887221637,,,,,68.60550204390209,154.3020417071969
squat,159.44898925616468,175.7560550944961,128.49960113933315,144.03133649542474,,,,,68.48454024370089,176.53877563274364
squat,130.9327035424388,163.5946886823123,114.00825320241844,137.1975200041356,,,,,67.95578827949076,159.74322604259234
squat,107.59376191335517,124.9172066878573,102.31609162587043,111.05976602245254,,,,,71.73811228291972,145.55977175026115
squat,96.86096747991978,108.84991449932431,99.28055390219903,101.01520526146649,,,,,74.83662213410274,135.23885529013492
squat,73.9340588139246,83.81385123297909,84.503903785283,83.34736836498269,,,,,76.94280345662835,130.5813306714615
squat,70.9247940992852,69.77700115922934,75.5279130333708,77.59200372411965,,,,,77.23891340689191,132.7518127993089
squat,64.98251790935105,69.34939018818869,75.41157023730165,74.68937268266946,,,,,77.08666764445832,132.31808314750475
squat,72.5769537979768,72.90683003681144,78.49397429840529,78.0456843342489,,,,,78.4912714320408,128.48437549323012
squat,77.44536183370667,70.98141760658173,81.192859897674,81.89510636460216,,,,,75.42059826215662,
squat,76.55924967635511,71.80167485411282,85.79038581231549,81.26312594727756,,,,,77.86717600525014,
squat,86.44468407740843,77.62757825323514,93.86510982677142,83.05344462601684,,,,,77.76986260260978,
squat,102.63513417261422,94.98764994461622,101.1471074929873,93.02566126518755,,,,,76.40868695899161,
squat,126.33796222707846,120.71537269123398,106.97499894858412,109.91942277307615,,,,,70.38121233713909,
squat,136.68275914922657,130.04889900193555,110.85171650315097,111.40760637287485,,,,,69.70109350581167,
squat,164.95968067369148,148.69628778479347,121.81343668048838,120.45378056167397,,,,,68.48821256956691,
squat,173.56948868444655,163.67551554678448,123.36090108048481,135.62241193985201,,,,,65.55980708391819,
squat,172.9243029746527,173.44589992711772,125.70424156468684,141.50009617538242,,,,,66.51543048934256,137.59507581493352
squat,166.97121022450682,179.34237648177415,125.57921291817117,144.56564769742994,,,,,67.38930516320431,142.32303726216645
squat,165.92119213684904,173.0606128298619,124.61618774291976,145.6398524497132,,,,,65.37058233379263,141.59121427362592
squat,175.81639976221206,167.99881055529832,128.58420547231137,148.78268922932662,,,,,65.35523746858786,132.4301253553057
squat,168.6312071378903,164.52637101876243,124.58004328341539,152.97566417937395,,,,,64.75036528260125,140.9921294594927
squat,168.67850073019576,169.49848351958323,125.21017985075254,149.0568791185751,,,,,64.90594000174657,141.86712382060725
squat,170.5273893649791,173.64374703687318,129.18554316202025,145.83754850249963,,,,,67.34341050927421,144.54187030194842
squat,158.66253001239147,170.19281416807473,125.55571233315065,141.53973242463545,,,,,66.67796049715786,167.70954759881553
squat,155.004540138049,163.6387449691794,126.46291733640244,138.41585621327667,,,,,68.65470789295603,177.59817380916866
squat,124.29030961636597,135.72907247661774,112.70132925929839,121.30749501705127,,,,,69.74672776776964,143.81676035772827
squat,106.44637770465494,101.6552638764291,103.28344344140031,102.9489889086798,,,,,71.7058514574436,139.5904732766201
squat,98.38953222158278,97.50227689220888,99.25988933271032,99.32290425935871,,,,,72.85839282837551,131.9199180674525
squat,78.3705682383781,79.37976813517832,91.98915061924271,88.94640049627318,,,,,76.73923575536028,117.9032900874519
squat,68.89320260692935,64.76658224949644,78.65439655281074,85.11533096542873,,,,,74.87223733946686,120.65423273904037
squat,67.25058473716135,63.56606777256181,78.26130025469153,82.24707624953703,,,,,77.88344260938172,114.98073664240542
squat,68.0639170722421,58.82752971713278,76.33339772207879,81.16642496506502,,,,,78.76667701522128,119.58900381586366
squat,75.74095849662757,70.14557134252851,82.28522378319741,85.40378866726718,,,,,78.01854317351028,
squat,77.24194951901656,73.23119939749144,83.55607873097608,88.46254716662554,,,,,77.53169765650343,
squat,82.63826847683617,75.17059704971568,86.45715138178447,88.01876475896849,,,,,76.35574238604643,
squat,104.60962713170586,93.38346568990677,99.94438394766986,98.50062878014415,,,,,74.71017838938009,
squat,128.1431429606464,116.95321992913016,108.75154019601352,106.68556076280139,,,,,72.81882603633036,
squat,134.44106354556985,128.92831886833213,111.27650598102215,111.50768891710293,,,,,71.90036400212274,
squat,157.8967577513179,152.84637316596613,123.48642600617309,128.90394979470707,,,,,70.66614176621019,
squat,179.40998117812632,173.327695236534,126.25307620795999,148.74503829768483,,,,,64.74814351989788,
squat,177.03799204338648,174.39507228018368,124.49374898851306,147.6404693870882,,,,,62.844274020390294,
squat,167.16296928244432,176.21930962445154,121.33682203506781,145.80851756171378,,,,,64.47049892586583,151.0121221297364
squat,177.79045155838935,176.70635589483703,128.38016552686122,145.92697513755934,,,,,64.57223070854532,130.95916064755548
squat,174.23347980671633,178.42825863255857,128.32470575708774,144.72872429133278,,,,,64.97936519985514,136.419493913744
squat,174.28716034170932,179.91748614047287,130.04052931941098,143.78363057170287,,,,,65.75129936940553,137.48760224505332
squat,170.12209378269466,176.97065046800603,129.92208097211847,145.1052085309231,,,,,67.12091874675241,150.05268819638204
squat,164.05742046070435,178.73149180260094,123.98689981599082,146.45116219804987,,,,,65.14088809107848,153.08303401653367
squat,168.44099719127803,178.68485687985165,130.3163935384292,146.25938293016,,,,,66.63162235630945,162.4068235018297
squat,155.1733870472509,163.4702104851895,126.20523039702712,134.79946811487198,,,,,69.05617518969844,177.7498006505447
squat,143.39962889534831,153.1811061428788,120.49558673082123,128.6965316370045,,,,,69.41209760365037,169.78947713658468
squat,123.09595010780387,133.6616472850728,116.46655623768942,122.68197138675762,,,,,72.99003301054513,138.33940885907225
squat,102.56575549767156,92.29843296291841,98.83627605086694,100.66939747426379,,,,,73.69594699683718,137.29300412716174
squat,84.29140679432221,78.75607721730721,94.61286011371905,91.12940763465643,,,,,77.03600921530587,122.45272532591981
squat,73.48610757034236,75.96393701519264,89.73705143854131,89.11735646136705,,,,,78.18448815962364,117.10518034905778
squat,67.4604171702095,67.6920519283574,84.7530095753347,85.2766858770409,,,,,80.05386619900442,108.89893162475424
squat,68.17302834921847,66.55457898137031,82.25122338593354,84.63074954378997,,,,,78.29171904051776,113.16843706942493
squat,79.66344420396067,64.0727625221466,84.22946680822234,87.00463221677833,,,,,79.06785441069735,123.31859347181424
squat,75.17826211020905,68.48759538085477,85.4445946825933,87.40143823369309,,,,,78.21633758419792,
squat,88.76348092110707,79.01101689278487,95.12272237289453,94.53117891620998,,,,,76.67946532061288,
squat,98.26240159583575,82.45679119939362,100.71723104329038,95.55043269064248,,,,,76.72491631601208,
squat,120.14824307361549,107.66140344938049,107.2343768042603,97.2404139022268,,,,,73.59827475095366,
squat,144.15761288302707,132.04079713633647,114.86288967174703,109.1458018897412,,,,,69.66410421049497,
squat,166.72883398090596,154.1083391686222,127.10757609262477,126.96573826887777,,,,,67.380853345785,169.15439358342988
squat,179.29454561831426,166.4513598897944,130.16183238739674,132.53679704422427,,,,,64.92584241900309,149.28139320319812
squat,178.57534917247642,171.2667593339117,130.27823762207427,137.1520001404084,,,,,64.72767544472298,140.0409080157098
squat,179.34634536566304,172.74733198332135,133.13209973791388,137.46012189111522,,,,,66.05703955246419,143.16517693202925
squat,169.0032322966286,176.4270605375327,125.63911472537107,137.45924568473296,,,,,64.68584605618669,156.34739797895602
squat,168.89391969410835,178.59930481162812,128.4309577512971,139.67949340140632,,,,,67.15105406573994,141.58718420834796
squat,167.0591631045886,176.23855516647728,126.46290398939563,142.9686211345133,,,,,66.0123350677377,151.0003214028524
squat,165.8006012553319,178.10989893733037,127.35154175780217,141.7982310769993,,,,,66.98797520382419,159.4182817047643
squat,156.76556524641927,171.78638325946676,122.72059364927358,142.8125399937406,,,,,65.61832199817802,170.63394673665806
squat,132.13352573215295,152.97174877697248,110.5651852884033,132.68985103164064,,,,,66.3913655007736,160.13635046241598
squat,119.82515556660445,131.79239203443836,108.039807081122,115.18323431973305,,,,,70.24169930377931,145.16589852536976
squat,99.84132994604917,93.77465651814983,93.29949920269028,93.0756502933796,,,,,72.69696192874196,137.97186464290078
squat,79.42787943792773,84.87890034132079,82.84863047546406,84.03960272756076,,,,,75.81932034489895,129.84700035624473
squat,69.62208411296285,66.87644174918526,75.45155756588903,75.22288472923995,,,,,78.15008866740125,121.41874120453802
squat,68.87990171185933,64.16911572785173,70.84341365519992,71.30666312548426,,,,,78.61997626777985,123.06087238958723
squat,65.01258668129627,64.3552770692128,65.83057165672535,69.49260950254045,,,,,76.8704792231008,124.673596983519
squat,69.8182132760949,68.81692791774347,70.4612911502727,74.21037145769846,,,,,76.48046997819553,127.85627088191939
squat,81.43150593700368,71.97691822234698,78.77501318650403,82.44703734667571,,,,,76.481425320223,113.78455882013105
squat,92.01459134812558,72.97366010462355,84.53610711557226,86.33532736707129,,,,,73.91635373498616,130.9581757750212
squat,106.6549727781978,89.1175359592183,94.50373418688598,100.48702030391392,,,,,69.08977976040177,135.8331692831324
squat,132.76892191827613,114.07838181069117,103.5575054465032,112.18741233910255,,,,,68.75485275914578,172.7975883353065
squat,160.230486179234,150.9755690290619,118.80124792842714,132.79848542289074,,,,,67.0128590119506,167.3590791488377
squat,172.07403292381213,170.266958490528,120.65828660163272,141.3431812371888,,,,,63.8332234828197,152.45370043351832
squat,178.20691697801,178.33262640054753,121.89243340471182,147.85707111680304,,,,,60.69548359018496,127.69775079376315
squat,170.3617280886475,178.11861649838977,124.08448663905216,146.69317770621953,,,,,64.711253243739,134.27159182733433
squat,172.34443599300297,177.3043302967423,126.31160054601658,146.43715591836616,,,,,65.2974267827511,139.58191647938114
squat,168.15992552692626,173.75904579768414,125.1836225104159,145.55925070584493,,,,,64.90705746980807,141.28305761898395
squat,168.83249762985994,177.05173935490646,128.10972553964234,145.71629435839355,,,,,66.4248222277325,151.079647729633
squat,163.51530899787033,179.11020403357213,126.70377963004263,145.64994165187522,,,,,67.46178845507322,161.41994907477945
squat,162.16151390424483,176.68548655690628,127.31412689701018,141.56923712569994,,,,,67.20292144191434,162.5584578101836
squat,158.13060196367877,169.92002492142947,124.54890573622095,139.06801486477582,,,,,66.7911704974951,170.79657043366007
squat,122.73246429465307,138.3839611960095,112.28187506927169,125.98946325808821,,,,,71.08010775709411,145.37406667956685
squat,101.30730858023021,101.88245142925928,98.94574365957213,102.49442588810807,,,,,73.02645397631795,133.9625687840901
squat,83.14467943771179,78.9292207437876,87.42673712601733,89.23768966573842,,,,,72.58648499309359,131.21077832232365
squat,67.68806158942402,66.13080017808365,80.03351885175618,78.8859386548961,,,,,76.43222681462875,117.02721734384889
squat,65.53790955328094,70.66739098401553,77.22201770606301,78.58836387978155,,,,,76.31019622179615,117.07960641904705
squat,71.04236013153553,68.37457546686278,80.93278602110215,79.52154109400631,,,,,76.89971269567694,120.63076973148479
squat,76.18496372552256,69.88115643930273,81.96253428044189,85.64306489641878,,,,,75.2674095099953,117.95335063174772
squat,82.0621014719026,75.13232827989691,85.9835561268086,88.34177901235033,,,,,75.40916145755077,
squat,87.75442802020137,79.32089024044019,88.71487890892531,90.65902639540997,,,,,75.48334359260416,
squat,103.9554233816464,89.62239207299311,95.18942329137178,99.509919468168,,,,,71.7446366055297,
squat,138.24777688442816,117.00646774227698,108.32486286631081,112.490401812688,,,,,69.70661832967768,168.9464760041046
squat,166.94474386505988,149.37660038028957,123.22339890422026,124.1064888813835,,,,,68.61756026146428,162.14685436349458
squat,168.25371578289065,163.6687368334483,126.65641878957415,134.25821101973625,,,,,68.42831869754613,157.34782634013655
squat,174.57496556247156,179.47680761347974,134.29992605186882,143.53560917630762,,,,,66.77206779154977,135.9329151827493
squat,173.9647308626566,174.55817741030913,131.1698105059043,146.5292088254709,,,,,64.66862170660448,124.19636453979426
squat,171.69956289074426,177.5010787963026,127.27825292513619,145.15620533574227,,,,,67.0669753654339,147.68893054660293
squat,176.17345465148642,172.91142641149872,132.36816139089387,145.42456252299945,,,,,68.35361172496059,140.81174429796593
squat,160.54005105451128,167.6529740502545,129.99835644827024,155.42219955352974,,,,,70.80002145753711,171.10178431850073
squat,161.15050279199727,177.2466755741392,125.53614533615843,151.41815002206206,,,,,65.80846774738269,178.93377684961573
squat,139.92817089675106,170.12494759335442,113.68776653800974,143.69270151482388,,,,,65.83044569998559,163.9377058628829
squat,111.45412054044674,123.69557440500037,102.12933145346513,114.80626522684517,,,,,70.29887128280687,133.31853804667568
squat,98.91665132704233,106.39255137763877,93.21857955878302,99.91773063975536,,,,,71.35938162707465,126.62887050555334
squat,75.97174605311433,81.7907994463197,83.00687226195014,82.10738718114781,,,,,76.76159496187753,120.67497569022467
squat,66.45438328311994,67.9798147407239,75.65652486410126,70.4080794705073,,,,,77.65605368350478,116.74923052847227
squat,74.00290651701292,65.135251982627,72.96600146859937,68.49174933008757,,,,,78.23748869080006,125.81602159707167
squat,77.5145917847878,69.05019765645434,75.25459897802746,72.12158883671324,,,,,77.66568121941626,130.19914759699213
squat,78.29932420498567,71.54829510471069,78.21316858735749,77.64174727681208,,,,,76.18403289223102,128.0710807685063
squat,82.1888376786868,71.84050916248333,83.4365185460738,83.25477941392475,,,,,76.93279021578968,
squat,97.15372818227526,80.9388831271314,96.00544869202332,91.24935592161073,,,,,74.65576682953031,
squat,100.75628937125902,84.68928133789106,99.78264036115073,96.23477269572929,,,,,74.90357173400767,
squat,105.48244162515626,91.1824611010177,102.52563798569493,97.5983663851719,,,,,73.95677630908474,
squat,127.36221315459088,104.29673413350974,110.19289070539045,105.6108018529408,,,,,73.16004516752605,
squat,161.25305283227163,138.0508299844457,126.36699570893775,121.86943487611649,,,,,72.9814355401118,175.05985863198325
squat,169.79406336963626,158.15960774423485,129.71441708309436,128.81406200756535,,,,,72.28183247781534,162.91585609308802
squat,178.15267755490936,174.68151221330817,129.92140355564632,142.41408209519363,,,,,68.19801307074405,143.7079043302595
squat,170.63754195973317,179.37101918153493,128.03736858380788,145.5044580940247,,,,,68.95696947368398,148.04866678854222
squat,154.8233596200364,168.57844154376275,121.80131319235545,156.53196738534078,,,,,68.0747488082243,177.15885384750513
squat,166.86766790830293,167.2215291355918,126.81884148970211,152.60188015340054,,,,,68.34573776483889,150.00597200656898
squat,169.446447341858,175.9618791919436,129.8837973369675,148.3976725961285,,,,,69.04041028050202,154.42498672073336
squat,167.4143870492102,179.14484492209385,127.46097921606726,146.5442542881222,,,,,67.78162561089114,154.74259472425666
squat,165.27358657330095,177.25729256629677,126.22863480427445,145.9742133181965,,,,,67.88827926641771,153.1307394901279
squat,145.69278463415804,168.5927710471476,119.55601390927929,144.72364258431367,,,,,70.40181299697338,178.96365470286636
squat,129.17763438596396,150.8154992827366,110.39096068743939,133.80939910944866,,,,,69.77893368074614,157.3394076188047
squat,106.06697578654985,109.44229873476165,100.73747935227739,110.86816817480715,,,,,73.55406581301386,137.25430884594275
squat,100.05350278342281,97.65267141873984,98.9393509598433,103.61789906129579,,,,,75.22462954372895,130.6549613532075
squat,76.90188067836284,74.28171481492143,90.10459664629694,89.46119906485433,,,,,79.65957875112082,115.97132338187717
squat,71.32351943275361,71.94876949456338,86.1409230330266,88.72725966731187,,,,,78.92749694047109,111.61516711132967
squat,68.53361904137938,68.95323721963054,82.41975073470905,86.9077959816335,,,,,78.8627824295789,110.42812862905494
squat,74.73266498400055,71.3766504789119,85.35915451396245,89.15846349205714,,,,,79.08126526412276,114.35507008850543
squat,74.95928909691906,69.64442665200181,85.93756052732284,88.6269610336696,,,,,78.8357787125082,114.47604129659128
squat,93.5299591468125,81.7421030688011,97.1236495667725,98.85586166941731,,,,,77.60758013757797,
squat,105.9249124870261,90.23612320643807,100.02974078140016,103.02916902532174,,,,,72.88069658577777,
squat,128.00520189261363,111.87167420481107,110.06507354432632,107.19938798942981,,,,,72.54206694116336,
squat,135.32308234017833,125.52059129382445,114.84460863508617,115.47164254558598,,,,,72.56558492325378,
squat,154.9267005639799,153.21015854343258,121.78197512137292,124.88892802133783,,,,,71.48857172473336,
squat,177.97995950019143,173.57676705860362,128.44547077666957,140.43818363838759,,,,,67.96695583675411,148.04334116608095
squat,178.10860291433315,179.8964628057753,128.5886357001847,144.4848061092119,,,,,65.3764769903266,135.0660779191705
squat,167.17336629175776,176.19391152109213,122.25958679798562,145.32135071305416,,,,,65.58913493139244,149.29124418883225
squat,173.87794121206477,179.15871612576376,129.1190212668269,145.78394562467656,,,,,67.39636094244584,143.98066070002588
squat,174.6288843376092,175.8328051122556,129.4716401317233,146.89862974006297,,,,,66.51432637622027,138.09112069346386
squat,171.87795843139037,177.20287120823608,130.22818449570855,145.72531298248282,,,,,66.64990221744134,147.52851409914132
squat,174.85327900257744,175.96408604371248,131.37556413767965,145.19876060770858,,,,,67.19143772082485,138.64130751582357
squat,166.15813280072268,178.72185113039245,130.5598672331119,145.85198217624082,,,,,69.45476809880354,153.27484415968925
squat,154.00776371141475,168.92921399796765,124.29679691321486,139.45150897713916,,,,,67.43998532474441,172.97353314617462
squat,140.0338739635061,154.99677405471988,117.12741903584187,132.71433227137572,,,,,67.5730032134937,165.74540071220318
squat,114.8794054238793,120.89007569628914,109.84560345972604,118.9508196412406,,,,,71.76146130739788,132.44125217331558
squat,103.82108309099668,104.6038209273014,101.25226660375024,106.96171749082067,,,,,71.89346758496659,129.93438745787586
squat,84.51855616212288,84.55131610406006,91.4361277176726,95.93093283203993,,,,,76.32276199329891,123.02160138567933
squat,74.01140025249781,75.85148438867743,86.37921489793474,88.35115320364812,,,,,79.17042440772975,123.74486433894037
squat,72.67697063385334,69.40799954601908,85.01433714468826,85.56147842184916,,,,,79.27841725603567,120.2250344592537
squat,74.12231756327965,69.75465196274966,86.06816001402487,87.63767371222545,,,,,77.99501695456313,116.22693424503493
squat,86.17503961706826,75.21824926300874,90.40101513318801,90.87727585676622,,,,,76.90251785438318,
squat,93.15719567694903,81.74363338294803,93.16717244326513,96.2567851864965,,,,,75.23429420837616,
squat,117.59170205815931,94.35634350911918,104.68040677272721,101.0893686956905,,,,,75.5019497736413,
squat,129.36430640127548,108.34512017341459,111.2652684972566,108.13879248870704,,,,,75.98419760880817,
squat,148.71307444707705,143.29287220562787,117.39226902757387,118.95188208766702,,,,,73.84559836612293,
squat,160.85542850076206,165.0526137379508,122.31384146656093,133.11657896133744,,,,,69.01942322432741,173.7866256540004
squat,166.98260299397384,161.67161168611426,121.92728394786481,134.22534953498592,,,,,65.64425622049431,152.17848725364868
squat,171.48286925377542,171.38737768274675,124.87331468591735,142.01989302330088,,,,,66.53713645431596,146.69915687357246
squat,179.8323421948991,179.08988896016507,134.52560761922982,140.47866368749624,,,,,68.58496534565766,144.00380454342545
squat,179.81992259234798,173.6910560712629,140.39072313387692,140.38412054694535,,,,,70.14973026055965,140.27739411135272
squat,176.17203419327632,174.27395931709466,142.11524922641874,139.74297167143598,,,,,71.46209799629402,156.9011351394859
squat,169.2224181224442,176.61466261073164,147.5315324276587,139.86591082172995,,,,,74.06684154281605,169.77771875965382
squat,168.05222964447884,179.00613231071134,141.59106820684397,139.59878686639348,,,,,72.66917916819317,169.35554538816535
squat,165.84299922098882,172.81859475062765,141.27123020879964,142.04705052932619,,,,,65.52318481199546,179.107493686983
squat,174.7477502719887,162.59670415447263,150.63866374098134,151.14880250430392,,,,,63.00979688394676,175.40910145071587
squat,178.76306633687625,176.09732026627438,147.58302227849552,166.43054868606242,,,,,63.90040671744714,175.84873735371878
squat,176.88876692088508,172.17703033503008,146.58331635641082,179.09683531664604,,,,,64.24712496335508,176.37608314028338
squat,178.49313618421888,168.98061643038912,152.6320358742131,179.02581500721274,,,,,67.14355325717149,179.4141624289415
squat,175.13550236599914,171.95061258807328,150.83844742174887,176.40609224058588,,,,,66.68728229685576,176.83255282635372
squat,160.80548296203492,169.82724864386398,144.7302750437622,178.01456298334696,,,,,64.87830233909462,167.3022871891382
squat,171.64305659037854,176.71161270995034,150.27737093318845,170.89196546238344,,,,,64.10750310206004,177.11572326297065
squat,175.12316306835342,169.70150702964315,154.5526699175582,173.60858001127158,,,,,66.54750827203058,176.62411971542454
squat,93.34690101368724,160.21169253612416,92.06327933155663,153.56888104665404,,,,,63.87921359984633,152.35778309397472
squat,40.450535678242666,37.2371617654941,58.65531133572272,43.85703939627175,,,,,65.48110035958742,157.0951079418188
squat,38.13710735634014,85.33995600937,68.19066740132118,115.51802856348534,,,,,63.51919480867876,169.27522232205834
squat,36.842706647824556,56.56387163542553,74.76188492806969,72.23179442513201,,,,,68.47979830222211,
squat,56.2379036604609,80.79340770706176,89.46547425149657,117.2593067443363,,,,,63.936412992015036,
squat,,170.85821253271953,134.71771650586683,137.47919382573818,,,,,68.56010653015487,
squat,165.0501126587547,169.87082435711088,131.5596183188159,135.81302488164542,,,,,66.41963818236637,
squat,153.76416252846235,171.80563932577928,121.31909128274127,137.0957732676713,,,,,66.27968316154619,
squat,157.8735060296462,175.64705699429564,120.94105656732805,137.9402395238669,,,,,67.65592678328063,
squat,159.00712278923888,176.517044580593,119.52624739664404,139.21730571624585,,,,,67.20419950870608,
squat,163.48051860561506,173.50550390657295,118.97108614597697,138.52346242979408,,,,,65.67222586007789,137.88347320017576
squat,165.53977474009545,176.21851914897758,120.82316187777805,137.20200355848837,,,,,64.31353208150655,138.3458715018122
squat,171.6401943964358,179.46781218698283,124.44814748404943,139.15103749022774,,,,,64.92619686597887,129.28717405944818
squat,178.02716373439765,179.8036496250001,130.18357557370834,135.441308264996,,,,,64.02620607904383,123.38338291668806
squat,178.66573062908515,179.5131441220855,130.5341308963383,133.9281560609385,,,,,64.87561527020596,133.4519543058206
squat,173.04041492230564,179.43853907447837,127.85320923817378,131.79850723069302,,,,,65.13292783569663,139.07974881830663
squat,163.41694429190505,178.5089745789568,128.15787156842697,133.7935329787188,,,,,66.36879776366847,172.07353254566132
squat,160.8822266960201,175.22863145653972,123.90945348508187,131.20377420550946,,,,,65.3745422978026,170.55708873670426
squat,151.72274286078914,170.77051088971947,121.54011023378878,130.70982515320543,,,,,67.78464529242078,178.29660824261714
squat,147.30618394371942,163.53171873447462,117.17196153146166,127.49655753214779,,,,,67.05003428766472,177.12718942610127
squat,123.76548464162003,148.90920266395747,107.89979944388818,124.32730767414006,,,,,68.60168705858985,162.68363821996968
squat,110.63546139492296,142.63909691969002,102.10356301765917,117.76590802316824,,,,,68.26570362453707,141.0199657144191
squat,99.29013488886707,114.19602123707213,94.5667989761406,101.35125191096525,,,,,72.28310398411291,138.5432799603972
squat,79.99834583247028,89.20295139829264,84.75584497737832,87.60029839000516,,,,,74.1303727644219,124.52316088867697
squat,73.76451505806017,84.75931617840389,80.88988099698305,85.28052027782925,,,,,74.93306621044016,118.11802467731843
squat,68.42946138078591,71.39807700522142,71.77261515875115,77.07045464311196,,,,,76.13453373388606,129.52398785241903
squat,69.51191656913066,70.6738124021794,73.0844041846497,78.15344174552743,,,,,75.82867916568614,129.81197085093825
squat,73.53578845105982,75.30185374323688,76.13612096864298,83.45995782588594,,,,,75.2377371516857,126.72409806668695
squat,79.33202252536972,73.48872307145436,79.69866658857565,85.50687451775003,,,,,72.65702860476172,124.85670067625946
squat,84.12327984620359,89.91342333500377,86.61423672465638,88.45675036702981,,,,,74.93952388935325,127.92347243486739
squat,105.6983432834844,107.57987240542097,106.63197947599572,96.44113250699392,,,,,79.43160220782943,135.55512711864472
squat,127.0568299071114,132.25398986718534,119.62929363832289,111.00367853558018,,,,,80.12330467753652,147.7778394993227
squat,138.19001945227194,148.31528083571465,118.54963883269487,118.427486588213,,,,,76.30796065448541,165.7408727330521
squat,164.5966062443977,171.1208243214457,128.227716968383,127.14376502233291,,,,,71.64875566389799,169.80036538609534
squat,174.72298421769605,179.0958599329922,130.20721139825122,134.33440293212757,,,,,66.39038049652962,145.0131979974337
squat,172.40126125035678,179.60265883494435,129.5382609768882,138.85587864558096,,,,,67.14354706156853,137.17496338003372
squat,178.56628637803,177.71249127075896,133.52248838271447,141.45508656208844,,,,,68.67138067211684,133.10565494415107
squat,178.76646987255265,176.57290377954848,132.75024266488984,140.24065338384872,,,,,67.1106527656553,127.02762805912057
squat,177.77086015517278,169.81238065673517,134.07518552631345,145.60489772367413,,,,,66.34508927215191,128.1198401363503
squat,168.28023124992862,167.1068935124293,130.7390742339824,147.33768550995606,,,,,65.8484761554849,161.23342686507053
squat,164.83364530128716,171.20020461927115,128.58504973696878,145.50269861754163,,,,,66.44478873432571,154.79872069197418
squat,171.74422908624325,172.86663707592794,128.2999181249878,144.48102539068813,,,,,65.27171826464935,139.9012908441921
squat,167.36633621511382,174.59286263039107,128.97966394475026,143.67457922111595,,,,,66.56486487740861,150.8539259071268
squat,169.50209089376713,175.56245851523352,128.63031148258665,142.20450102990628,,,,,66.5732732783934,150.87185640872116
squat,167.5381437763133,179.6529224584479,126.58761893743757,139.47109066138196,,,,,66.45039071470089,150.2979033123204
squat,153.52994801899914,164.9166708041239,118.52203767306,134.1922627518391,,,,,64.83210718639488,164.24572539212164
squat,119.88452622558495,142.5458024183223,111.16510887992823,122.50858139912023,,,,,71.65197351579893,146.43204012199334
squat,112.96539592846814,128.37084213820694,106.26553334097068,110.5504712158861,,,,,72.23087922314316,144.83915706862524
squat,95.19987437829093,106.68990054599226,100.14530978813966,96.57722602075894,,,,,76.34690710335038,129.44161908031938
squat,81.00092006719171,84.55396501410831,94.29740404390144,88.17028557673383,,,,,79.7052865634226,124.04271445408574
squat,79.69234747390664,79.28103411799287,86.57231224509097,86.8626396540119,,,,,76.09687267947216,122.95628639269378
squat,82.89794614660954,71.2050719294609,82.8618764020787,82.97261104346933,,,,,77.48279502218335,136.77626226771167
squat,85.47528452324472,72.98893789224954,83.83255198500822,85.7024673294891,,,,,76.64237465502107,136.35913254313442
squat,87.48733280668144,76.92301848826189,87.78377241622088,89.01013857839048,,,,,75.4888205731739,128.18707373119597
squat,91.5303634618846,74.41553519761558,89.15038022749233,88.80358020547891,,,,,74.33028126059331,
squat,108.77666483351662,86.77114053444417,103.11347280108961,91.78143451626713,,,,,74.3950587701857,
squat,139.5905994731002,123.733085705845,113.09547650237619,108.56658740748883,,,,,72.54850493436967,177.75971546989214
squat,150.16607391598754,137.67453910761307,116.28528975863361,113.62196272279105,,,,,70.12905043583072,
squat,172.64494069623805,155.12962099460728,122.96727104195188,124.79508983909564,,,,,65.0380243424486,
squat,177.09751071745885,171.65133902359307,119.09390094628209,136.00009137496303,,,,,60.60107724974197,
squat,177.3134895323743,179.96303457045602,126.46835098705935,136.53293720547677,,,,,62.519605896903386,
squat,172.64611125340102,173.39324992958305,123.43438210267799,137.26011734291458,,,,,63.01261775557976,140.7728777223089
squat,179.39932963614817,174.90146952076262,133.00848326956478,140.42466715777937,,,,,65.99202693030801,143.29297938064823
squat,174.7763931481566,174.6875935915165,129.0173444114395,137.2855014391387,,,,,65.02392112930121,146.03530653095933
squat,175.26659426791463,175.9069574647554,131.13118607082458,137.08047876616445,,,,,65.54772576399202,143.4060172151463
squat,161.69492427771002,169.60030385775968,130.35098896436227,147.1991822325041,,,,,66.60319671243859,149.0102200956599
squat,161.61084711101196,167.70202746034656,134.00872668255553,147.65948889795865,,,,,70.0270205241964,156.16222310520422
squat,169.12682038950396,153.185228493023,145.49537764327494,154.3362386723289,,,,,72.57748721819883,174.5019297674537
squat,165.41258682749168,120.36639474357739,145.965926253625,178.3640600919789,,,,,74.5425653805118,177.4062804092014
squat,165.63587435639883,119.46022631555782,163.38791266802207,178.14600557761426,,,,,78.73522206236402,158.92240464691702
squat,169.34121168576922,127.28113254000101,171.34783996736067,179.18461653969769,,,,,91.91437810482368,179.37500051572093
squat,177.54636629355946,123.10952860945167,156.2809726087636,164.833418264129,,,,,86.95151206201264,149.40406707524673
squat,165.8718391108938,128.14257417273623,145.46933123158365,163.00415917392152,,,,,85.93193285567503,130.05277226699607
squat,146.0364497602616,125.81471609405865,131.55180529479398,153.29250549141736,,,,,80.37410623167646,118.66556815310827
squat,127.75422205359372,112.3996808320377,144.74401080984546,142.56298186351214,,,,,88.41924446652281,69.45000195686353
squat,161.31897422602248,123.34278171831714,165.77164876836255,144.7627447246174,,,,,93.58480028911734,76.829424051979
squat,164.81367962610403,132.77676720729406,168.95152804225515,150.73129863812636,,,,,93.26208223132241,79.97292409898715
squat,163.86244867274783,144.8738349464256,163.88056760431508,157.8093019878193,,,,,170.0375966287429,
squat,163.07020852363746,157.66595153334634,166.96827922282645,162.23476890782283,,,,,153.9008582507033,
squat,,157.13427924488454,163.44144938286772,161.33140138713034,,,,,144.50920661717032,
squat,,161.40742379784214,167.80915264663884,160.2223432297919,,,,,139.05892878139872,
squat,,162.04001464317344,169.0853034150644,160.58123128496868,,,,,135.8330499388614,
squat,,149.06891120299346,167.80308065816826,154.56519591741082,,,,,124.90787037134761,
squat,,142.8343171470384,166.05132054977489,152.6006428645805,,,,,112.24331765461962,
squat,,137.6723768707452,167.01642745337816,150.80355291200433,,,,,110.14601930661131,
squat,,140.15803899458078,166.11989951318992,150.36017697500205,,,,,112.14295631938097,
squat,,120.67722002251257,147.65426937081878,134.15883717350457,,,,,114.02224365354468,
squat,,98.83669958034442,113.26638437526809,112.11543758773179,,,,,168.21317434422392,
squat,,94.99280836146878,,107.56822850780618,,,,,162.85561292507055,
squat,,93.16360833477682,,106.40499845911656,,,,,169.90172331722857,
squat,,95.41222847100079,,107.14778359752616,,,,,157.54057482186818,
squat,,92.85795902758261,,104.31964455047799,,,,,158.00753588016593,
squat,,88.12020992512518,,106.08376674938953,,,,,149.93001711094772,
squat,,88.58179044347142,,104.57574185279543,,,,,142.92406211138,
squat,,93.54211959435494,,107.41156923456607,,,,,141.90191284733265,
squat,,92.40027953977221,,104.98397426729471,,,,,139.77514938291756,
squat,,91.28969752442732,,104.52667308075952,,,,,137.1812829795791,
squat,,95.74911502714633,,110.78962640052477,,,,,140.3852700371793,
squat,,91.86862802453875,,107.99057518086883,,,,,142.8631578727417,
squat,,89.30186506027889,,107.71030658477345,,,,,144.9528633848497,
squat,,85.62237175990252,,106.20847603473963,,,,,160.92253510818728,
squat,,75.82669914041861,,96.37454599148026,,,,,153.08144474185065,
squat,,72.08794885277177,,91.02652398099663,,,,,148.64365370301144,
squat,,67.4278238934109,,85.72640838915814,,,,,178.15311064075362,
squat,,62.195794960854585,,78.99222480256464,,,,,108.66388638325647,
squat,,63.909766388451715,,76.65618797511421,,,,,116.87701440260567,
squat,,54.689610542069644,,68.24747256798257,,,,,102.96303872877577,
squat,,49.35969714379365,,63.85120272850487,,,,,96.09303158727178,
squat,,46.87005806006819,,61.72820986990113,,,,,78.37700725820459,
squat,,51.07875243520877,,61.88348384419696,,,,,75.84451515507102,
squat,,50.93267317045567,,61.310979265118554,,,,,79.5716929252578,
squat,,56.85246318281518,,65.10381127897188,,,,,85.36622369779657,
squat,,56.40051334789679,,66.3993085324912,,,,,88.99043930893642,
squat,,59.17873217493087,,72.0787078531974,,,,,91.27035408018325,
squat,,74.58828115706925,,85.67818363355859,,,,,83.52677240737779,
squat,,72.49066941172183,,83.44125856093582,,,,,97.95816106327874,
squat,,82.68618469258412,,94.08721036569041,,,,,97.48107476404469,
squat,,105.480756287196,,108.79388546554773,,,,,118.12815898903342,
squat,,119.50229475937158,,121.78160840826087,,,,,130.28347761329988,
squat,,150.3713095923046,,144.32910137192098,,,,,131.52739531415108,
squat,,133.94340412204,,138.85076331315017,,,,,168.66009468682864,
squat,,159.23077978942635,,158.71195087984768,,,,,133.51317797487937,
squat,,132.10488512341297,,142.7956065304099,,,,,151.3201247714474,
squat,,109.40573438512106,,122.09313144871268,,,,,179.24640439066695,
squat,,85.47106447367621,,107.13622085015656,,,,,95.4840386845023,
squat,,76.65066257722368,,97.21598015278781,,,,,113.2477214060547,
squat,,67.32579039267048,,82.20617080410585,,,,,87.69972841931038,
squat,,62.5589830167273,,75.51021255675832,,,,,83.8529064256371,
squat,,59.92136361292164,,73.3700929174204,,,,,81.59787915174383,
squat,,55.172809590675044,,65.66016704025792,,,,,69.00704895883892,
squat,,57.16166588319777,,63.66598951691051,,,,,75.39040561816567,
squat,,53.38322492080106,,60.51717271523507,,,,,72.7386134320233,
squat,,52.403800381884,,60.20046947354307,,,,,77.99236157519198,
squat,,52.288684156805,,59.78418720852578,,,,,79.21407868383919,
squat,,57.84867658186918,,64.223606536532,,,,,76.08561570831387,
squat,,57.59129680153245,,70.51495559237769,,,,,75.60257494254421,
squat,,62.51704602246029,,74.59347271958282,,,,,79.24589927442798,
squat,,72.89097700092228,,89.25376464593742,,,,,83.9116309016555,
squat,,78.04914285867875,,101.02017392711029,,,,,89.06607148432443,
squat,,75.82428314762844,,96.12783634310719,,,,,95.53467139702552,
squat,,97.05781754246341,,120.03227666676847,,,,,90.67060916112521,
squat,,120.0212748832688,,140.76342581784388,,,,,105.79996616531835,
squat,,125.99395574886614,,146.16734144928722,,,,,91.17410648359665,
squat,,140.26860436170094,,157.10913142436544,,,,,100.42684363604468,
squat,,148.10834180015016,,168.92843813269565,,,,,114.62248684854991,
squat,,151.34068826870026,,169.50196279214424,,,,,176.05162251901893,
squat,,155.6085001661583,,171.47880454132823,,,,,160.96845372542603,
squat,,143.42431489156343,,162.83710051097876,,,,,143.12928816906742,
squat,,150.70110755198817,,162.8908735086542,,,,,152.14803601188297,
squat,,135.8859623442129,,159.8365720863369,,,,,104.4188445718242,
squat,,112.86510779864643,,148.28127903426886,,,,,97.4012928495513,
squat,,141.40687901889513,,129.4248380467376,,,,,82.8469008159859,
squat,,165.18696759492192,161.48658912528467,146.0518706388123,,,,,68.10614688064655,
squat,,148.25267776068225,147.42105269744255,156.42975970572266,,,,,65.09614633490514,
squat,,135.1074461137885,122.28695274062903,175.00117115658043,,,,,58.198151938444376,
squat,169.20199224012507,149.16880473499123,122.22247427732314,179.5738103080359,,,,,60.092229906523386,
squat,147.79132767982907,125.84494064228811,115.48720338265355,141.10126949823467,,,,,53.742140178842035,
squat,109.02849001563698,110.89926509495416,119.13608666032673,123.69089157873172,,,,,52.82068115212119,87.06327969369607
squat,96.45115685569395,115.35666373919217,121.15592811969901,132.92234068426532,,,,,46.55455155372735,73.3576788082273
squat,98.55377458698271,124.95044829635697,125.44813658161063,134.96916183168398,,,,,40.087592739641266,84.41689224033198
squat,105.24143666184693,110.55228177766537,127.54585848564618,118.49694260879328,,,,,33.462965489832655,90.65254995817065
squat,126.38868653575813,125.0332806927508,129.9817155478913,110.3872116439315,,,,,24.9164781049836,96.56206691150811
squat,130.83243110127006,117.9519785497161,126.96231406744,109.09321358929269,,,,,4.751877559030924,96.84542694303465
squat,133.0728766393978,,127.67753305806623,110.59485221013193,,,,,26.62232204208474,102.1591810750442
squat,136.125656827231,,132.8367884150259,116.29699703333056,,,,,27.686178756674725,100.85719576310808
squat,141.52611755396052,,139.17180190008457,119.40643454831941,,,,,42.434057621274164,103.16921751791983
squat,148.72714149226812,,144.7290256442239,,,,,,40.352875299394775,104.42834184809702
squat,160.09906208792475,,148.43114137070955,,,,,,64.7453484975418,
squat,160.98690222584136,,146.09134827893772,,,,,,68.8197474649131,
squat,144.98810237977148,,142.4908016221239,,,,,,81.2624367722496,
squat,131.31780229162877,,120.26389805186565,,,,,,85.30402072304656,
squat,120.7618387826788,,110.94661149095029,,,,,,90.03216694002,100.92006978928131
squat,69.7201694964256,,77.02096453582669,,,,,,81.53741078057442,84.11297324059352
squat,58.4922795501534,,69.46401738764436,,,,,,104.29730042405836,96.1429356503225
squat,52.084448006768355,,66.44830641143754,,,,,,98.52531104121505,100.62865377162241
squat,49.559156802211895,,59.501097139409524,,,,,,103.6686458769693,125.37819805424178
squat,43.497375201883486,,52.68862504881113,,,,,,103.35595972231025,129.30622152127492
squat,43.48684244657543,,53.05667984667923,,,,,,104.78246777936907,138.1260019020187
squat,40.872051534614016,,52.628898886952584,,,,,,119.99701827115392,141.63899659255426
squat,44.73570086288656,,56.883797099532075,,,,,,117.31570658179533,132.66927336442785
squat,47.090742822689315,,62.788075188055025,,,,,,117.77761730571811,112.42798801262327
squat,50.08946907035115,,65.58406180943707,,,,,,115.46425856781737,103.25063769280739
squat,52.666673374920244,,73.3850111934784,,,,,,114.25956940225805,91.64860193619468
squat,61.4214733400582,,87.83063553750745,,,,,,93.53418148089025,83.18976920994788
squat,107.58060091654092,,107.83979549052357,,,,,,16.248075170312635,102.11644101741562
squat,120.27982658720046,,119.68494782362136,,,,,,11.842635012260397,104.77071100716294
squat,137.4111882705734,,132.59780315143934,,,,,,9.142092526110243,101.28503873785257
squat,143.8459646577423,,143.60363989819834,,,,,,18.32792704157573,95.56388131763829
squat,144.86243206842,,145.64315275065897,,,,,,26.07856634919199,101.34048919586238
squat,146.3679166800264,,141.29374587619634,,,,,,17.59231683515749,102.91438279895638
squat,167.22754853003093,,155.86765011638298,,,,,,10.784348776915685,114.13846012038505
squat,162.08652118734497,,147.83007894408524,,,,,,3.419002837323153,120.8220345246396
squat,114.41216483179524,,104.05373252235921,,,,,,47.218333790482696,105.22372996161118
squat,88.16203663670368,,86.04803790472494,,,,,,87.78945960569044,94.67613583942935
squat,64.27073410279439,,70.24590618008789,,,,,,100.11257982047687,92.2369900778666
squat,54.00232045351976,,62.94888884643835,,,,,,109.35078175251901,100.79444778636768
squat,47.19026265449039,,59.872366988975294,,,,,,114.33841918261422,115.20777248537334
squat,45.70414647764586,,60.04523766776627,,,,,,114.44973083521839,121.43926362824014
squat,42.2777947012214,,54.27339732590314,,,,,,112.39143238802704,133.2685749459261
squat,40.10974736674394,,54.49582669301235,,,,,,112.12639262172355,128.72157135317642
squat,41.17613853137081,,57.198292250453555,,,,,,111.46430972362174,128.589448920719
squat,45.38080325125991,,60.80174605906569,,,,,,111.6289671145953,120.33411554027343
squat,47.50183419372965,,62.31606313297315,,,,,,107.92582300681667,122.75601977672207
squat,51.47060411344539,,65.54147923990126,,,,,,110.81994950219647,103.93587319952451
squat,51.45046768513907,,68.7700332161355,,,,,,108.79916957178233,100.56759754062529
squat,49.249827046948916,,80.31404110835082,,,,,,105.49837086469198,89.68216386631684
squat,60.823895163752574,,86.50408930620682,,,,,,99.40439509012099,92.97176129471944
squat,64.64875170422799,,82.84730723212517,,,,,,96.29870812653468,78.48625239543907
squat,86.25913975603574,,100.91889225307249,,,,,,86.980327956956,76.77403187386155
squat,134.87719944890895,,136.38993068653159,,,,,,75.5656013563231,93.5895727047674
squat,158.42093268280757,,156.6057811428179,,,,,,77.74421394294251,98.58449176087314
squat,168.1412202353652,,170.06192337412608,,,,,,62.454828441050346,99.42762665069004
squat,157.2187848327481,,168.26643283848807,,,,,,61.618933338323934,96.24475460504357
squat,159.26929247768828,,170.5010972829462,,,,,,56.9321080192477,94.56706158691313
squat,163.50464752302958,,178.9248634157615,,,,,,24.451100831724094,95.54999337488678
squat,178.41232151524534,,179.66520779396078,,,,,,59.72160397439172,103.77827377985915
squat,179.15308577774792,,168.55246740553568,,,,,,56.24722995289143,107.49711592356007
squat,176.68397860662665,,164.46773468829696,,,,,,55.21066827291508,113.93959973536492
squat,164.43017235500497,,158.28598729779833,,,,,,56.48611973526419,126.44576418667074
squat,160.0915149996898,,156.45052058919907,,,,,,57.75213044021623,131.2432183112984
squat,118.3833819672453,,135.49217319692698,,,,,,60.912919241413825,144.42748035338263
squat,125.37962802953757,,119.00441945088767,165.5279143367944,,,,,62.70683076036363,146.41965040773468
squat,149.7424478008245,,120.86631204414016,160.36369418182406,,,,,64.61052054670986,172.84142768804722
squat,177.28903579461073,,126.416825185628,151.02695717614483,,,,,63.55696742043352,149.42556504534875
squat,179.8124104585395,,132.8043205134077,149.62691875877434,,,,,70.94812617725631,143.86137092766091
squat,179.0211185381827,,136.8130901996712,140.07570878166524,,,,,72.66153468260146,143.920544376576
squat,179.1139111665899,177.71656914527892,135.22936585782924,136.06493895123526,,,,,71.02497957215172,172.050811347276
squat,166.228124387256,178.71740796384552,134.25653337528684,133.95814418026964,,,,,71.41447750486083,125.36332901235959
squat,166.12164186105971,177.12489788333295,136.94419712465216,132.73430933014498,,,,,72.2378760664221,
squat,163.23393070691276,177.70937429061206,133.7405930013235,133.09943449585145,,,,,70.16195303887956,
squat,155.89326745682047,165.52009996991532,131.51458802371158,127.2075568993437,,,,,70.20730782934699,
squat,154.0531722532323,151.62049326567578,132.89315086596804,121.66789288729349,,,,,71.11720466680525,
squat,144.6618842849755,138.87706700950565,134.45022556585934,116.31031117994685,,,,,75.76436139386502,
squat,127.37468836725212,134.3747622147474,129.02076026557705,124.4399546422976,,,,,78.97281293597094,
squat,110.43046237766607,129.49786528643133,117.56250461484721,125.20786561107903,,,,,78.1406674733433,
squat,101.11834601152125,122.77333977363821,111.62400879502667,124.69921568031427,,,,,78.46578228245167,120.43129601193856
squat,98.10014302691884,124.41271554239968,109.33022074426823,121.71688784203218,,,,,78.830076961033,
squat,100.71778758244865,120.66914197614955,110.11525336238788,121.07237151719471,,,,,78.42447333971236,
squat,109.99488603815531,126.9372315113027,115.22013778341781,121.62053996532836,,,,,76.5343924967966,
squat,120.31689747200538,139.08580621563448,116.84177177327305,126.37276108842156,,,,,73.00904951577841,
squat,131.4868325215683,141.67933674974697,119.79661586850916,128.67721841688694,,,,,71.95346969008594,
squat,152.85657116512294,151.29532775835085,118.85225176475014,134.59644677638497,,,,,67.0372226935035,
squat,160.99164593387738,166.94094974567005,120.43847489865442,144.08549769323398,,,,,64.00045327114525,
squat,161.89949177055453,168.66556165085095,120.54043460654225,147.2630868490371,,,,,63.46639121315193,
squat,168.10794261650807,173.71430580861428,121.69309356345507,147.89553909266317,,,,,62.30691247559017,
squat,172.1986295265348,175.53974276334364,124.1754486859856,146.6649282485865,,,,,62.290212452458434,
squat,171.79397166976887,176.79015003217512,124.99134676297415,146.74785660212115,,,,,63.31493537955641,
squat,172.16163264506034,173.65582432550494,124.90780803196346,144.62976950551257,,,,,62.84253740975543,
squat,173.38878565885025,171.03154194684004,128.69491754128578,144.0138219208964,,,,,64.27173706767277,
squat,169.98442472598566,168.34947299083197,125.75837388572417,143.06332850513758,,,,,63.03493525712629,
squat,169.0163473571709,160.9319591021728,129.2132570239137,137.42698686377312,,,,,65.62004858551157,
squat,163.21055073151103,158.6850949944229,129.00303767746573,134.71368663411516,,,,,67.74977789495539,
squat,148.42858694523622,144.31888743096076,129.0314244144967,128.06860744760607,,,,,71.20957582588125,
squat,144.8339110184656,140.37361260310962,127.3584274390258,128.48935325368234,,,,,72.42050761556007,
squat,126.89725054486134,132.95067765494133,122.54145069728257,127.74941657866192,,,,,75.78448010639703,
squat,121.74593395803817,133.3015289292295,118.07004588764549,126.65776794176739,,,,,76.43711156636117,
squat,118.76983058608899,122.45525412036037,117.55203557551282,122.15271368937118,,,,,79.22922264107038,
squat,128.6979387951022,126.15154873013043,121.39716721869875,123.64094901599682,,,,,77.04552684955728,
squat,132.53582313635638,129.08699267615333,123.87682995358323,125.94920837482374,,,,,75.27949453406035,
squat,137.8840989964804,135.3576780169276,121.09978305268717,124.41672192367545,,,,,70.79855575277244,
squat,151.89553223046798,154.28822283792533,122.87057157850747,134.96525891384346,,,,,66.57537218708723,
squat,152.8769066503642,164.43404458005216,118.4740170064846,143.34471314637284,,,,,63.68640426502469,
squat,159.56381677837163,176.59462584864718,121.0121790553704,154.67840020704625,,,,,61.73169697302681,
squat,167.4028863566662,159.83731647067873,123.88325095993333,162.3802329609899,,,,,61.53011022017014,
squat,173.51346031867888,137.67501268825438,126.81798687527163,173.39654564914258,,,,,62.32866605840283,
squat,176.9915079902165,137.0874557429356,125.72819290924798,170.4455027080121,,,,,62.390112017639304,
squat,168.98602703270402,151.71283601392594,119.86693151567883,154.01622576572092,,,,,64.05664752077989,
squat,164.91776283275732,154.4987874818639,120.16789816577989,149.00005107011324,,,,,63.39044561152205,
squat,128.42311225443618,173.0095068883314,127.86867563451406,149.4706309141819,,,,,33.42091962697811,
squat,98.10727790152018,126.03498791682465,146.9493026093904,170.70929084306394,,,,,68.04535049178881,
squat,135.69602595806123,,172.5668749076815,177.57507743646931,,,,,68.36708001833331,
squat,176.45097451173567,,161.31314152765967,161.56051211943097,,,,,75.64239946732546,
squat,169.82405301747337,,172.98271243779106,167.16354281273766,,,,,72.1712399166318,
squat,153.67825136255092,,179.72901864816905,175.02792174607313,,,,,72.20388925720437,
squat,154.5020711957426,,164.42946538808593,178.00134653180697,,,,,64.6219078073038,
squat,158.13790581982818,,161.4127989683675,175.36380108714886,,,,,61.55924249556099,
squat,175.75871295361793,,143.26572538443753,150.76612457292097,,,,,59.203498939586495,123.86194227799305
squat,173.07394815711513,,142.6797679332855,152.59760201525293,,,,,61.087993805881176,144.03966960576358
squat,176.51496788117046,,157.6870356507729,179.67779375635058,,,,,89.06719500698402,130.27051721825023
squat,165.99091023577617,,138.97410373607386,151.89955198717053,,,,,65.26960706049432,148.29331174415373
squat,171.72581254177055,179.1842512936718,142.70526397997796,153.30560486416948,,,,,71.12771788276945,171.1933023370237
squat,176.25754607056254,171.34979394776792,150.89969486339166,151.93747807286786,,,,,72.96797656106932,169.01334282954952
squat,176.56740957449009,179.25171584664136,153.82131303492875,164.72160371953544,,,,,71.34830877132744,168.5055321020775
squat,172.20892065048798,171.7161714904899,151.45536437062063,165.69155872647787,,,,,65.55819053992386,164.86384245471325
squat,149.98507250380854,173.44863997234043,138.9077167395761,169.09876930591398,,,,,62.678777558533966,155.01894635969182
squat,124.05796108943457,162.26283778425014,115.06160184377318,154.22677445786456,,,,,56.893203596678745,
squat,71.78499517936251,,83.40881503099887,162.6890094435575,,,,,56.83626101274514,
squat,170.63065788092808,,146.13376507359436,153.61942379550422,,,,,59.399726723509175,
squat,178.64488295627612,170.44630096850779,147.18932423564533,144.53882841400045,,,,,63.88358058954332,
squat,172.5253799982318,171.0929388057226,144.79316979494448,146.90575348759057,,,,,67.23342117537359,
squat,176.42989798906248,174.1766147448478,143.80664975039758,147.67997504295042,,,,,67.58649757767992,
squat,177.75781236332364,176.0247804741697,139.74147371339856,149.85101280115364,,,,,67.09049692116388,
squat,165.59446187331503,177.67002000279126,133.32891512470724,151.69858556771368,,,,,66.85950712071201,
squat,160.80465213325752,178.9141559011855,134.17296728084705,151.7558065575051,,,,,66.68147434011361,178.0247705936292
squat,168.27429261071808,178.9685475142173,136.54764792731845,152.69399750659642,,,,,67.42139598692859,160.9421381881801
squat,169.78439834830974,179.0165439410326,137.44004113923447,152.78517173978224,,,,,66.96861594696514,147.0470422870552
squat,176.2058221169167,178.3129254041019,147.58108813049247,151.51916725403845,,,,,66.6976240235064,134.43321180950167
squat,174.67867164266517,178.06836000961556,146.73184298975238,149.67595700146924,,,,,65.48128571849091,129.96628472692436
squat,178.4941000339414,176.73196294294132,142.33520266504883,150.0790855785171,,,,,64.29326339383539,138.1404920442776
squat,174.94616940530486,179.12376446882263,138.65605230547206,149.08176067953121,,,,,63.44695119665066,139.5484771102824
squat,173.54760766846476,177.4424872133657,144.71642028163114,150.81363254421663,,,,,67.6557778133403,147.03741328071482
squat,171.14261863942963,177.63689841861324,140.15603989658212,149.26221400431942,,,,,65.64999495731354,144.51987800021664
squat,156.32301198421933,177.66350261498425,130.76561066464026,150.89484721172374,,,,,63.53520925934564,167.155284761231
squat,146.25043872750953,169.87558930225802,119.03845680652834,146.69402082395362,,,,,62.708287334611285,179.64224630148647
squat,133.0272339777755,160.13535006498964,112.72151349143083,142.08707157267204,,,,,63.683121591624094,166.27661273485893
squat,103.42201781641616,143.0672639427815,100.54687181837139,137.32011219698393,,,,,63.66324594545627,136.03612066235937
squat,90.45842746409022,114.78859580571516,99.50567250070785,109.62935764238445,,,,,70.56849956445511,133.65794804049187
squat,82.27127036644657,101.06155490902447,95.19723741235394,103.34101912690834,,,,,73.11184568773669,125.25598196397516
squat,66.99460422913654,70.06003648206489,86.12916498151887,82.45324841395421,,,,,77.51576084323364,125.64466673334125
squat,45.50954337461085,51.750085933498426,64.0293484812935,65.1041527172345,,,,,77.08006172651483,117.69938526906121
squat,48.70244535738871,52.73471179001385,64.27976325635787,66.59545928886038,,,,,76.08874584637337,123.98938447982817
squat,54.10585185842562,57.37811603801361,68.03892940190077,73.92504607291058,,,,,74.44002110479416,119.77943876584708
squat,56.487967107702474,60.43423128416182,73.23002556986087,77.10228845441691,,,,,75.86540355372742,119.94552668257745
squat,59.542354780178215,59.836362624506094,86.35378902936755,79.10899651518203,,,,,79.09415276004053,113.6131575137059
squat,76.02617713839527,79.92984999616138,98.2378129039832,89.96936033865742,,,,,79.78227893442497,130.17898663003223
squat,104.5492496988339,107.48734217418155,110.83698415781694,109.422358502768,,,,,74.91827531099173,141.22657733924382
squat,132.76597432244978,133.5715168813063,123.48870258040643,117.4459799760344,,,,,73.49593907917634,152.91949583828242
squat,160.8760040185911,151.37434033007034,134.75946320841243,131.33020731597986,,,,,68.29572135583253,172.70115333999968
squat,173.4183660832224,173.0052933894981,137.33356922379218,147.18076402648492,,,,,65.46399099951157,147.84953056988158
squat,171.11018928083305,179.27180091777015,138.88023049552814,150.36929017048703,,,,,66.34025038627892,145.20658997851137
squat,174.72623673796264,176.01054172225065,140.33499673650383,150.4966256890082,,,,,65.59499882802378,143.70189501928232
squat,179.4107853081726,178.74340571925458,144.21148703370113,151.65947024446712,,,,,65.39747151496438,140.4357513605236
squat,174.8834411333472,177.23551359822497,142.08675266780764,150.95538601389129,,,,,64.78180375176473,148.89214709900722
squat,176.1142465242625,171.65642860808373,147.01087017202073,146.84409402705356,,,,,65.00983177005142,156.76896762612452
squat,172.6541826756517,171.50290410150382,147.376384005696,145.09487080379498,,,,,65.75594079634617,161.94311558840332
squat,166.04913269871565,172.3042278767737,141.60321057630748,145.92363481149854,,,,,64.69403649690963,157.12589407499044
squat,171.6651118172175,178.37448450305595,151.2147168142588,148.33125454056525,,,,,65.40230031479824,160.44708585636076
squat,171.62007266024165,175.548874011825,149.77425509214754,167.08021563198332,,,,,63.89642825706111,162.21901977464822
squat,169.10560861348904,161.7223230823972,145.99891457875682,175.681071429989,,,,,60.2738679424598,166.164302713886
squat,172.30044210942762,160.50117617120256,157.43539928368804,161.12045178175333,,,,,62.46777710165288,164.1222493776342
squat,171.42570112233537,159.35389543224179,154.1217838227042,155.2851244087185,,,,,64.88895691222658,138.37823733404255
squat,174.2882718206378,157.480088424582,154.7605801110356,153.717821078349,,,,,65.26179189623127,
squat,173.90150367105593,169.0765077340054,160.96956975278437,163.55650575567134,,,,,70.0434464846464,
squat,145.29395790380988,166.51855341920836,148.1842522934729,165.69409900665948,,,,,68.62283538981653,
squat,135.40390667493787,165.55107095467065,141.58415775404265,167.88323762234347,,,,,69.31861344977865,
squat,154.62445306212143,164.4671632973218,141.10208487104018,172.57268698965245,,,,,66.91586546746166,
squat,165.574189745527,170.0624083675164,141.69616041321035,173.06835208958972,,,,,66.8057628619879,
squat,,177.32249663598165,131.9157605861768,176.5368595326503,,,,,64.43376248214281,
squat,,167.12895365560516,109.43215155456978,163.75863298322506,,,,,55.08949759084072,
squat,178.01382806852158,,149.20492505212724,144.62768060351289,,,,,65.97923121999939,
squat,165.8434978065252,,144.19799069960524,145.5529358560012,,,,,66.75718806465942,
squat,175.546225288803,,145.53112599862203,147.513643949792,,,,,65.13853591506046,
squat,165.04537821702775,173.73140047330907,133.90997709800718,152.95846601242818,,,,,64.88079681675225,
squat,169.7334948176493,171.3117785639418,129.7121753135782,155.3950793909034,,,,,65.64441600526781,
squat,160.49904199501398,169.14235083506063,124.87645666267976,154.34784104702015,,,,,68.55189300273447,
squat,153.81021384499434,172.17303296208217,123.95339752801526,151.34325283970992,,,,,69.8685445615174,
squat,153.07198874130117,168.7742765725714,124.6558125194644,146.52223788496784,,,,,69.10299327654127,
squat,152.62113808936925,169.67686362829866,122.87290180565824,145.97166781872718,,,,,65.64107673536824,170.36205280641633
squat,156.41780290359313,173.84859514262615,126.92888424061111,150.6203180477006,,,,,65.20900858491378,167.76967898681812
squat,166.2507981343142,177.1263424942283,133.05939632850857,152.34243517866523,,,,,65.28735592103503,156.00638032145562
squat,159.4088803566044,177.92534902528132,135.40660959818928,152.24620993864104,,,,,65.31177681828945,170.20026381589926
squat,159.5806464483959,177.67408619658423,133.93442939336194,154.85395571743516,,,,,62.31427035238773,171.27791322888444
squat,155.88915265563287,177.04647268927752,134.46533663464373,154.88160447570752,,,,,62.800209629251036,
squat,158.36062344145458,178.46467859001015,134.26939992151247,153.54295753811235,,,,,61.22439846137561,161.9111585090387
squat,156.63828794236383,178.42180776054877,132.41600113386295,152.90815473698694,,,,,61.02426154208389,
squat,159.26072788292623,176.58350610884108,131.19241726056737,152.66015478812938,,,,,59.82191560972359,
squat,165.9260628492554,177.62360504208428,138.56319139531666,151.38105401890866,,,,,63.410984999304716,154.51552535599265
squat,168.81283552050087,177.8705788884166,137.8040129517768,149.67093253366926,,,,,62.08519013447316,151.61629734994693
squat,169.9028275632603,177.26251017832828,139.54390218846663,151.49173359506364,,,,,62.985451509628014,153.50731612159132
squat,170.37724345987397,175.91604689477964,140.12468127032344,152.57989867633518,,,,,63.65925734224174,151.95331523824325
squat,170.8542548579856,175.3152277931363,140.18157724491007,152.37477515057785,,,,,63.553264140938545,149.80802367133631
squat,171.5311168932907,173.0060862623326,140.02552584905726,153.22680023781223,,,,,64.80810320455656,145.84800993811078
squat,164.7121101858937,171.9711778728913,136.03722927067741,152.5698019232234,,,,,64.30700967242699,156.1162956870084
squat,159.0695606807466,171.10504677442387,133.54609139645714,153.62921431151784,,,,,64.20204546271705,166.94587800445052
squat,158.62124814467384,171.1532178097834,134.16545114086838,153.90205093126758,,,,,64.12555944338997,166.20969464051956
squat,159.2639279945319,171.98525829188688,133.1978213235848,153.08774041841627,,,,,63.19556485492995,165.90622498741223
squat,154.1338939711267,179.1345911084334,130.45923068991277,148.24697328236743,,,,,63.07824178017786,169.16268706626303
squat,138.64969342148075,170.67956427360102,123.04794100345373,142.8863071221003,,,,,64.52512677632367,173.03440503765154
squat,116.0205238873829,151.74664318170628,114.42481753454713,132.6216370296763,,,,,65.67056902656097,141.3780816297782
squat,114.36318514687837,138.3260102682414,111.98884309267363,125.85224683449641,,,,,66.73651652256416,137.9755081265001
squat,94.21792394832417,121.06041816516593,101.24146412948798,113.65737648883888,,,,,68.69849131191579,131.0539596351846
squat,78.32188803510046,89.44238751002578,91.14825794746945,96.69255413282757,,,,,72.46171730595717,116.7937204753506
squat,76.27419123453038,80.42867710203429,91.99289094599492,93.74698881672366,,,,,73.35489604319847,127.9233424646732
squat,64.1633373306559,74.2695012468579,80.58311245486446,84.76898330981872,,,,,75.30887382139323,126.79016891318845
squat,62.693424389158444,64.31616903306116,69.1062551384518,74.32936985655246,,,,,76.56505173150104,129.6749840648131
squat,63.20356379717992,63.327503380149444,68.9910557332558,73.7408712974296,,,,,76.07283569205315,128.58476240899785
squat,65.14208390384334,67.8726489762632,71.54634842734133,76.90226247916122,,,,,76.47529333069356,130.2834337884061
squat,65.01324252978884,69.81441638641708,73.36986879098505,77.91256454350203,,,,,76.44213854668256,133.26173593676336
squat,67.02102925533721,71.44150215722058,76.39450473872054,78.10088335650043,,,,,73.53964527531326,115.91141121369773
squat,80.2904619608001,82.51286269877804,93.33694766102033,92.73242098130049,,,,,73.51385022626476,119.81574642801063
squat,110.79502028305365,96.42846521623542,115.13389810090399,105.62379839212383,,,,,75.38483295417848,140.6635377768355
squat,149.9620203276198,125.97815953025732,134.2225567813848,123.40588373289597,,,,,70.33672285038917,178.6730939335918
squat,166.1763312746183,153.87887720111218,138.78728498392502,134.30044255246565,,,,,68.06984003613944,173.03540392542595
squat,170.80696242298364,168.77476883694985,140.82189219385123,138.99470019984489,,,,,66.93995661314749,164.19295312365776
squat,147.90186456500297,162.62822473015234,132.11426678974922,169.1858207748924,,,,,66.92094018143668,160.68154202089826
squat,152.69036540011297,164.346636920829,133.56893364867656,165.23600166008063,,,,,66.17767578361305,175.05112498954952
squat,161.1994995155119,157.03036083648556,136.892226621435,165.22194594150403,,,,,65.62449632537763,161.94521283602543
squat,172.93211156429498,167.38008692776032,144.78170471897417,158.2543129195537,,,,,66.77122592864795,161.05823082893946
squat,177.66548736493775,159.41144336379713,144.499721065331,162.72528787969455,,,,,65.08324323537467,156.70757961657938
squat,168.40804580824263,165.895141573387,141.5819557309014,158.79486031634482,,,,,65.73458599034502,163.83880554609175
squat,168.2963513220413,166.0530199802893,137.5468194931435,160.96324955048348,,,,,63.256494157064886,162.77583648342227
squat,165.68597410772887,160.0331448862977,135.3530907942772,163.9742034093903,,,,,62.52983746260558,156.38790706906502
squat,162.34449594135086,163.28416732920115,137.3252803616954,164.10127334489582,,,,,64.51504294881632,160.78798736976938
squat,168.30044154054798,164.00422843019072,141.96493683221314,164.67113699981175,,,,,65.7006723167705,162.8044222028843
squat,160.99728615613446,167.69130341057812,137.3296501267095,161.6338318561328,,,,,63.56619397257597,172.85666551306684
squat,163.19456607743496,167.7158626385069,134.95070137383684,158.9313218231976,,,,,62.97258727438892,167.7471800535578
squat,161.9425680353987,172.53542285010175,134.53949549285215,157.719460509987,,,,,63.156933634290944,168.2594217841766
squat,167.61949413167906,169.45556976756671,138.5298466349821,160.49555440466636,,,,,65.11004937355791,159.65770996238646
squat,157.13001293094658,173.96461404286262,134.7032134676564,161.35840472828386,,,,,64.59404071052118,172.75079130270245
squat,160.26532906174788,176.34517789451138,138.24657307813897,155.0857200769256,,,,,66.06476775384115,167.74401696700724
squat,150.78892708819453,177.6059315989339,132.37953616242643,155.50210093987172,,,,,63.82444988748523,179.95386965439147
squat,154.46888857463782,173.19257457124687,136.76729262661854,156.11083911106056,,,,,66.88496746072002,170.80304295072523
squat,152.99282653825483,178.2831077990192,132.28480757945016,150.3714746551664,,,,,64.59169505914988,167.50362000874696
squat,150.98748864165944,174.356103415122,132.85951864403438,147.66099508425705,,,,,67.63508481154895,171.0184531009812
squat,147.4602790972834,170.52777825747822,131.13975337463233,146.2693608959896,,,,,69.7076437558001,172.7280833703457
squat,140.88307404362916,169.13114360190255,128.47026058100573,141.96677229975128,,,,,71.67997987389406,161.18715770115438
squat,157.36939246899797,171.02583171298306,127.06785416929405,142.98318449469593,,,,,70.22469096452649,157.4759024237152
squat,155.8521659216616,171.61359840003007,126.91086911980956,143.32324354688745,,,,,69.39776169474476,160.8009753959306
squat,154.58388254888425,172.96234911992545,127.51728266704349,143.33099602139896,,,,,68.43912946402395,171.1822370770473
squat,151.71049521459884,175.35786824646325,129.5640388654634,145.73210056756437,,,,,68.24533819426374,171.62056578417423
squat,147.26069742044595,174.76499505138844,128.70858118136755,144.28812585794884,,,,,66.49661376127472,159.93820264966132
squat,145.62986231958612,174.3860239996459,127.83105317905806,144.136628306368,,,,,65.44890288111415,155.71038556479385
squat,146.34992445932045,173.83907088766492,130.3608864168882,144.6111765909112,,,,,66.13359672150047,155.75935069063314
squat,144.7618212921163,173.3625940726548,127.83576710799585,144.77089391385564,,,,,66.505953310134,154.44868368747618
squat,145.67182737458765,173.3473459373651,127.06238755107344,143.95518169886196,,,,,66.39739841227532,155.57331549034498
squat,145.06245800836138,171.91607880175482,125.80904186144286,140.96284690316455,,,,,66.2874999700606,154.92491410476745
squat,151.94496940684397,173.40464409618252,128.14360360691427,142.22895227794865,,,,,67.32602317599442,178.6896676212568
squat,148.70281545127813,171.61043760152072,126.76262239447851,140.9024852775838,,,,,67.0802602094258,165.38231250600475
squat,148.52681308561455,160.20776006863966,125.80597912179691,137.15637450838037,,,,,67.7494344381221,178.5349842925214
squat,146.96595290467693,153.1687103936986,121.76355153017234,131.47437008068476,,,,,66.94737434507692,176.07798954711254
squat,114.81690540247268,137.79472412883348,107.13210003406051,122.75063216059979,,,,,68.50469353447811,139.95344717072715
squat,96.92113628990674,110.62814503120137,98.02798808382327,107.07360338621035,,,,,71.26744179403633,121.8891737747014
squat,89.01862131804212,87.47644742011674,85.86048948114103,84.99125096485831,,,,,75.69076505494326,142.90334902217978
squat,88.57155385632082,75.82522546239176,83.95178297365241,82.7067764532604,,,,,76.52945730568645,147.5448903274711
squat,84.99717181253497,72.27295392513192,79.61826253119573,80.30976496192635,,,,,76.2046843579383,141.33416421721202
squat,72.48437705578962,65.58212804260847,69.20531378009481,72.73072344278708,,,,,77.42304630544275,136.98728152099918
squat,73.7442024506607,66.2215471710997,72.09560682262858,74.10145949108626,,,,,75.88246983325027,135.23754422212096
squat,84.06839481556932,72.44896376070996,82.148767685089,81.27701105134156,,,,,75.77413692453281,137.48745056155792
squat,88.12555085560456,76.89827008124236,88.20103002848649,86.34618293210953,,,,,76.14434111513302,131.1682259868641
squat,99.15098715583181,84.4918863454914,98.91784072957947,94.8464537750274,,,,,74.52300479324254,136.99711702372576
squat,124.24758116102073,104.59656160292263,110.1742378424338,109.72645128590929,,,,,72.36540542723124,155.63310479377523
squat,139.1071965209406,121.78964498424766,121.39412684162417,116.9626644005983,,,,,72.89485421426816,164.7207383967514
squat,166.15938591811067,156.25470931192805,132.42475194279254,131.26734455409544,,,,,67.92035876611244,154.03016269917762
squat,159.59076389550475,173.12346739659776,138.07866477314997,138.38445809961956,,,,,68.82023011886109,176.69693396932357
squat,161.44299552549802,178.25150185683714,139.23680024155988,147.16570131291192,,,,,69.54468499371464,172.35866504852794
squat,157.8311916982368,178.49987014577863,136.23835204481594,147.8127615093188,,,,,68.40025786241794,172.18658338264103
squat,148.76236995275255,179.30316759865184,132.06810419382003,150.01033968185132,,,,,68.34904560644273,160.31716611430224
squat,151.61317012177187,179.0630757033628,134.37389484734115,149.95077699870214,,,,,68.25935538600038,162.0729237737169
squat,152.461853333902,175.4094898532743,134.8028892291072,151.97383494348676,,,,,67.65697250939911,161.60983974345703
squat,156.42990700902394,174.01953625687145,137.08815342755133,151.43631082460644,,,,,68.16582046843531,160.2864960620608
squat,152.63626926137601,171.32161015486886,134.42736243377993,155.84601985848005,,,,,68.30363168240766,160.6001383899244
squat,152.3127945070209,171.51987996654896,135.4903405256561,155.0385614849782,,,,,68.87531115307178,161.87507896612217
squat,147.3399484623707,174.47777354680537,133.14751145009254,151.32307075827256,,,,,68.84706652521608,153.1838860549783
squat,145.2315836161269,177.6819768879013,133.40408461255313,149.25178619178365,,,,,69.32750459431053,154.87352350534562
squat,144.2572480919174,165.1081960281011,128.37900189836395,138.63792685837797,,,,,70.51955153230867,168.0162209055886
squat,120.31885895973338,152.67300117467755,114.04824894537944,130.83919444469407,,,,,68.79645451299935,147.31574892054203
squat,115.35019021846043,134.96182253361155,109.09349854133018,114.9515176426488,,,,,70.20416342303399,154.03774986022066
squat,99.31062483190352,114.1065009350656,102.37630036980603,104.0569383960645,,,,,74.3630077189255,135.26809321601866
squat,93.62309675469686,103.76100892964067,99.03783284402323,96.6971426811975,,,,,74.71115576811204,134.68472813304774
squat,86.76046657828657,83.28701901308015,89.17176474571771,80.54309586680797,,,,,78.29285417014734,143.69865911384454
squat,62.00397298105983,58.22413055478298,63.1433902111541,63.92054879702985,,,,,76.82598970274417,139.7477961654571
squat,56.67478468259899,58.33548801768328,60.51535459584308,60.70119790322966,,,,,80.27454794258216,145.73134864433757
squat,47.29622917686455,50.9750930349474,52.55866451161906,53.09690225296837,,,,,80.06552773492002,137.58710922891518
squat,49.50571145456293,47.7547303867942,54.939922326314615,51.5177283300783,,,,,79.40835664953869,132.62175515387185
squat,56.24452858423829,50.15552757821006,60.877371066487555,55.412735090737,,,,,79.55196189339,135.01928203177854
squat,60.862441112637015,56.73966919506797,65.26494557939817,62.33262827854536,,,,,77.7679702555353,135.90627704628412
squat,82.95702585795694,66.40351133030705,86.80717125661135,79.55336590237795,,,,,78.74104799704305,133.89965520660843
squat,85.90163512816157,78.2293309530227,91.97936460906362,87.87301715147815,,,,,77.96364417846749,134.67704125051011
squat,86.08667782078615,87.23856601753785,98.43363687832459,93.69768652720907,,,,,76.60422711582831,124.34964100110193
squat,106.45077879023188,108.81288397474785,106.81590066508973,109.17022911405535,,,,,73.23040068898996,133.46061985331485
squat,149.3589487094422,132.4271084613473,126.03264239340356,123.14111740398934,,,,,70.51038358305189,167.17398245877354
squat,160.65381564718146,147.8878630291416,130.27761943313035,130.43451260449217,,,,,69.42319164190826,177.85926801271623
squat,177.01784209989503,161.16501673608118,138.89733970681615,134.3258928415577,,,,,68.65083169155375,148.59039757753115
squat,173.9549743008603,171.76570153426815,134.5223317166338,143.5365403267179,,,,,67.105757267286,139.8302575854518
squat,158.2482310142866,177.09764418435765,134.9489217900375,147.42908672951222,,,,,68.91662014358772,174.41420173474856
squat,155.6988624179773,177.99948889310824,135.23617160632912,148.68195808017262,,,,,68.91527539793323,169.11040168671636
squat,164.80899300681284,173.5372425697437,138.62630480827386,151.1487916392287,,,,,68.69867257819764,166.23542454587277
squat,178.55582263061663,167.62243497813128,144.50053974288073,157.03812579298727,,,,,69.55477768684219,142.9990076182607
squat,161.8675728719202,163.74274926133984,139.87402828503392,160.63007630623162,,,,,70.27914099119846,173.33608046801095
squat,165.78558688706403,166.81774221027212,140.94643567990772,158.06785562276448,,,,,69.99467104805709,155.09261448968005
squat,158.54114188349385,168.3651669705467,138.94138893055444,157.84704126152624,,,,,69.98929265735069,176.68725697901309
squat,154.49960095649044,165.21027877193757,135.47918430841798,158.75459179938267,,,,,67.79379064315239,173.02940590273533
squat,153.2798242713339,168.93526624089495,136.173284178129,156.79097955205526,,,,,68.56700896740556,165.72685661056042
squat,152.83981999329424,169.92546186936687,137.71483578650876,156.39367941406286,,,,,69.30941826994393,162.6298459375246
squat,154.29985785800463,171.578081293533,134.6032539688889,155.11033019423311,,,,,68.78095208511503,179.2976934799297
squat,158.18969843224096,177.19398914754834,131.57297550489264,150.2293653698165,,,,,68.40578832841958,167.49292871709173
squat,151.178652796991,174.19526635324456,127.97939164146614,143.96698198767322,,,,,69.57879558847905,174.60305406899076
squat,130.13147563389404,156.25531567193903,117.69394270389789,134.6926101088561,,,,,70.51478154401198,166.81088342775098
squat,122.56970236238111,144.59951902318,112.63888610616961,130.63672162523224,,,,,69.44433076553929,149.47803020664196
squat,113.93103532500433,135.37650334822786,105.75134605264697,124.19713711361638,,,,,69.08818010906447,143.92565242006316
squat,97.5989605830631,114.81010678200343,99.36768768638723,110.97510954600352,,,,,72.27733663510696,129.8686546349635
squat,91.75410020514539,106.72328738426106,97.05318225319049,105.42433993966624,,,,,73.5706829280304,124.68527945649808
squat,88.5250587834742,93.28394514994254,93.60041687642486,93.26444813181752,,,,,77.3175998396892,132.03566252922255
squat,85.76403119322254,81.46960039510657,88.45506354005624,85.41554262139397,,,,,77.83948789895143,134.4605331971906
squat,83.8611561116593,78.57077015035506,85.77577290044408,84.82150271796377,,,,,77.98829410856261,138.4997496116206
squat,69.21389863335565,68.38246115870982,70.11792601852034,76.2786950212078,,,,,78.71944877877415,138.4488950904742
squat,68.09907428616862,62.48999748085383,70.50936667308595,74.09880966790642,,,,,78.08798150287443,134.58652203754232
squat,66.63127184688328,63.133603013392324,70.55345437828524,73.76861224961684,,,,,78.24948035946524,131.5436257804683
squat,71.72697484314088,67.06773186870971,75.11229554528796,76.14164511967266,,,,,78.73926813447727,134.92388489009548
squat,78.39496723813505,73.22439855261266,78.69719529047414,80.461285967905,,,,,77.46883767377915,
squat,83.12549317793345,73.90357597463083,85.38371230579268,83.67667462411936,,,,,77.18954456048017,
squat,90.47678074381056,76.54422911543203,94.0110280265026,88.41870094744021,,,,,77.51156331549787,
squat,92.46212192260896,85.5317369290644,97.8299418858397,95.1122328930277,,,,,77.42364213622557,
squat,113.79262860080019,100.23797235229281,110.96623783015288,109.47595907688292,,,,,77.36950111147347,
squat,119.38305805315214,109.49430225037379,112.50356659931202,113.59721076109996,,,,,75.12734648449215,
squat,144.50860731668274,123.85372891162021,120.01568562023262,117.49224155043514,,,,,72.28074112150031,
squat,164.3560879135122,148.4886644469343,131.63931762592927,128.83523632640183,,,,,69.73746677196037,
squat,170.07430617664315,159.39584069630718,133.89920426482175,135.3027305733136,,,,,68.50406004241374,157.83300820235507
squat,166.3502486693549,171.1783615488113,135.08510803698167,144.8883605032754,,,,,68.51425538793052,174.17634949203227
squat,155.81823087954058,179.6992431869636,132.33295591077422,149.11183876806896,,,,,68.662220119073,177.6903220830698
squat,161.39243638483188,174.77218493297647,136.97888439615986,152.27781535642725,,,,,68.46961340920505,171.4688285330988
squat,157.82723220124512,171.81628472903142,134.74278358039032,154.4745932508729,,,,,66.90214102807062,173.1161901454688
squat,152.64419757317052,171.01839515164653,132.87862925979857,155.62580576135,,,,,68.15089323588109,163.84165858166475
squat,157.01492581322506,170.0011610376161,137.10225129053018,156.19420842635427,,,,,68.49549473817149,164.57394590593933
squat,162.61814872886546,171.20979370144198,140.90929746316073,155.84353847796865,,,,,68.00411415178007,174.5909489100682
squat,158.4175714226482,170.86576425573173,138.71691824812422,156.32003575559233,,,,,68.27389460436565,168.13262659312403
squat,159.0144410520523,169.7502226251525,141.70692486995225,155.37581823263676,,,,,69.02896732008888,164.8670244049487
squat,163.84760359399854,176.39715667063518,144.9855192745338,152.68766125213992,,,,,69.52810539851441,164.6690021820064
squat,165.21229560616396,176.13315696394773,142.34195211891287,152.17242527827585,,,,,68.58030786617624,175.95425646493334
squat,164.01082420420914,176.90339728360064,142.44940638090821,152.22215980459168,,,,,68.66479613024612,177.5119488921819
squat,148.80076443622724,179.00815870932126,136.6230164978153,151.42223917903152,,,,,69.0762003858128,154.36828473816666
squat,153.6978430768899,176.12335611209411,129.0828576247962,145.4403983057034,,,,,68.61837692167302,172.73464850411892
squat,152.5470947762557,165.4586070781611,128.7202977562874,141.37687428195002,,,,,67.94502161786886,172.44818807118435
squat,133.72034824663356,149.88448914948998,119.21121880913822,130.75853929996973,,,,,67.61747249826401,167.33105474026758
squat,119.38710623519674,135.249496535429,115.36025156011715,122.02209068484845,,,,,71.88138439800413,138.7685712053665
squat,110.51029681464641,129.01039310006811,110.53526670315091,118.89781797353749,,,,,71.71517346293052,133.61589000753332
squat,102.95849885913258,100.29000949887296,102.56374357605857,100.20004496625779,,,,,74.75612919242141,133.52011404598318
squat,85.58155388320449,79.90741966325335,91.94927571952655,88.3727631374893,,,,,75.61342988421691,132.53251316082037
squat,83.09677082661119,77.07944425606007,86.57744999957785,81.83202850921742,,,,,78.7000831157212,135.90448224633624
squat,69.33967980203288,64.81166325642236,70.17457542488687,72.02935299066735,,,,,78.26898512251235,138.6777118229523
squat,64.06214772975163,60.845768101572226,65.48862296358622,69.3762998590329,,,,,77.71691153014324,138.14686054821092
squat,62.01276611902462,57.3602861001355,63.49326698977163,67.49669045961319,,,,,78.02476948239473,136.10456528956558
squat,65.7361913397857,63.36003074349946,68.55114283924553,73.45709193127252,,,,,78.36400983634304,135.10493394707564
squat,66.08418352482889,63.39736158582722,68.9767744277754,73.57075968459645,,,,,78.73871378649962,135.9948385022972
squat,69.55330196746016,62.47171867871956,73.36300394463798,75.50892814458868,,,,,78.42949131351683,
squat,77.59560825146818,67.73295666491208,79.63053352739126,80.50469882701019,,,,,77.8196512300426,
squat,81.20798835516224,72.10806134935144,89.23035959903892,88.2218611871168,,,,,76.69998487320355,
squat,94.7651576808057,88.47585439344823,106.9844722548779,100.97410914173707,,,,,78.50535443929569,
squat,112.3897025636035,104.17327226039112,113.19748570496898,112.35672238391928,,,,,76.4131032491709,
squat,115.96073637494828,109.51850251622089,110.38891766868088,115.66740642260788,,,,,72.77893871614091,
squat,140.12628699790218,131.53192102086774,123.86254910327953,122.16038100430337,,,,,72.59670753205272,167.81389179211885
squat,152.98845500336722,149.66309701832776,129.6869350154268,132.8920448174347,,,,,69.64772800096193,177.62724304882414
squat,151.66305007036266,163.26139857357074,131.7786337989659,140.24938839713633,,,,,68.67900209793491,163.27744821080395
squat,167.21869722114678,173.65223420479936,140.19397457820705,144.51615010129345,,,,,69.5671017835169,155.1037641486424
squat,169.91594179425363,178.1046089747158,143.22040474976896,148.6358714323787,,,,,70.71404213760492,153.00763619335746
squat,155.35038280922063,176.1922702347073,139.29887837298207,151.74277054956784,,,,,70.47512529897392,178.34515268736922
squat,161.65361900550178,174.14883748035234,141.34892839791223,154.62546767290362,,,,,68.17556959935739,173.54069169041026
squat,158.80376737878152,174.23539552882383,141.2559967271593,156.28360269848602,,,,,68.38007021712428,163.52819825300367
squat,157.8991257694471,173.00873729083224,141.30622901299785,155.03997433643525,,,,,68.71808929107594,167.4547824997132
squat,154.87580070546917,175.18934324350434,139.85626281266065,153.70803388806053,,,,,69.14321736428134,165.2735521048149
squat,152.92751601860445,172.34283768452627,136.9632656393933,154.07046325758844,,,,,68.31739354352283,165.970922731753
squat,151.90908741651543,171.03561950192784,136.7746746385254,155.66029810318315,,,,,68.74006689191494,166.10260676916695
squat,157.81826293288134,174.13024962045958,139.32695775317165,152.61057961683167,,,,,69.29668447414502,174.21032035459297
squat,159.63716415579202,175.82845713606082,135.30402702035585,152.6236446378728,,,,,69.48307221896475,151.68965610116507
squat,159.5539298409256,179.99274937245625,135.70157741060996,148.7602231345352,,,,,69.59263687364127,160.19182140113753
squat,157.3794221509902,172.19362154860931,132.52703174531896,142.33308963683206,,,,,70.8001039863177,167.35772757376589
squat,130.5625849621244,155.60928152493622,117.22003196100503,132.4327688538137,,,,,68.46601815718267,164.20986294553373
squat,123.24065959933613,145.56165792494673,110.87960204426611,127.80436285354865,,,,,68.18402929614747,156.4610635631746
squat,107.11402500778746,122.190998142703,106.46896696979483,111.93936449337737,,,,,71.05051311078608,138.16505824832547
squat,95.8261231317245,91.82718926993483,104.88761749358693,94.6431825488343,,,,,77.509789017744,130.70249924431
squat,93.57613663087082,86.88497464490747,101.96210069780956,93.32588679836387,,,,,76.58615937043574,130.8643147074509
squat,80.54271181738574,81.95983282946698,95.01127333338538,84.90123420969566,,,,,79.78057711066691,131.20248363124642
squat,71.4330983334849,58.51675076523153,73.85214425487506,71.65681292282767,,,,,80.81775304655227,138.82405379902056
squat,69.58066608614553,64.51163926187306,70.01803804787123,73.5189695550871,,,,,80.14781108148237,137.86203590216772
squat,69.77394926025576,62.15771279533313,67.18734545837442,71.18016809544521,,,,,78.28824070051428,139.69238427105458
squat,72.41298210811117,66.57568804502628,72.88298332707211,72.70892764022318,,,,,80.52715802942097,143.48949176131813
squat,75.27155750393923,69.4091621588814,76.54454735930487,75.81243478647477,,,,,80.14703067905793,139.68503204630608
squat,84.1421412383755,70.31180482758569,85.17302124181788,81.3571222985897,,,,,78.51940024963498,138.44573972584132
squat,94.54646466792484,80.626812100462,96.29328964119631,89.64762600890117,,,,,75.92095738024476,132.4475503215849
squat,102.38732107827275,89.88621042640116,101.25377074829034,96.66363154645045,,,,,75.9559893215021,
squat,111.67408574072098,106.48472923520127,103.14476766457923,109.47151922358233,,,,,71.40874901986271,138.2535672345268
squat,145.65501222290885,123.77158167506775,119.87829631515058,117.57327418017462,,,,,69.68021878138973,173.35171648947056
squat,148.78115420509755,132.3679418421868,121.56958638543514,121.58896896087164,,,,,68.80258380744642,177.5019037001241
squat,170.97826256500636,155.88409226582624,134.76675071023814,133.1028270315642,,,,,69.12492379055061,156.1598711753004
squat,175.3669147532408,161.45482766612466,137.35248183751568,135.48562674599884,,,,,67.73559193777884,150.14814593794836
squat,155.02422707922506,169.29983246495667,132.3816867218392,142.89427392004782,,,,,67.81647944016872,171.30727294121172
squat,157.0722684358827,177.24898760961437,135.42781799028035,148.79893394529884,,,,,67.3875287987178,165.7444730468621
squat,159.09636315069298,179.78511882505242,137.30877755449853,148.0334268000141,,,,,65.87491337473966,168.57601869642625
squat,163.56893842063275,177.70889477071006,139.8105988441863,150.97173210623913,,,,,66.58407956453462,172.95001952610113
squat,160.88871353575584,174.86759946342002,137.99836704272803,154.08790955890018,,,,,65.8701332381806,173.24023792176183
squat,162.91977658716033,172.62345992673016,140.37861281772794,155.13207741580774,,,,,67.00345697282825,174.36948024025045
squat,164.0754687383033,170.33554980291464,137.31189805026997,157.1750239322289,,,,,65.65746222908834,169.61911532101337
squat,173.0080012669104,171.7965634499216,141.79006192296262,156.0772814415577,,,,,67.28363977992187,148.44163616170198
squat,166.8146624531034,172.37455330884507,142.0031617928941,155.3874618681582,,,,,67.01325000646703,172.68710000105426
squat,167.70716314793998,173.1811844791338,140.24590092222175,154.48195205609719,,,,,67.04538938266835,158.47290519099877
squat,164.38657447138553,172.73049950994658,142.6669490972668,156.21433311751102,,,,,69.083859692511,170.50039256821162
squat,167.03687760656138,173.15654866409358,138.92738608696376,153.79880722137926,,,,,67.69145744238557,153.1546715714581
squat,161.44447371486632,175.15588003167957,134.5205777028436,148.76896987537165,,,,,67.06050885606976,156.44710467559653
squat,159.3949225018202,170.77523164791666,134.92260322712303,142.57067089335413,,,,,70.92831337400665,152.2957052996804
squat,148.3281524498214,164.81795763983445,128.53382280472445,136.88932554720398,,,,,71.67239729121543,179.2569805606431
squat,125.36287038635926,149.06470501989583,120.83555585997112,127.0763090900857,,,,,73.85406917714398,148.1598471852947
squat,120.88460434357441,139.53226416870436,118.24789609482185,121.14882626618498,,,,,74.21645931069558,148.64105182745547
squat,108.29768875458436,111.84084245961445,108.54907173415224,106.46539561084438,,,,,74.42957977135822,132.88915139786624
squat,88.78771796426471,88.74828863853394,100.3919344703402,90.46730652402326,,,,,78.01835392539274,120.52472726186046
squat,81.33992463480354,74.07049360932989,93.5263600985688,83.85699325050443,,,,,78.51169675133423,129.76575921917012
squat,71.84545263864312,67.81385038967956,89.37995325294611,82.37443302740245,,,,,80.02079045145275,127.54205386475323
squat,69.08898062937858,66.96997263597252,76.11219839551318,78.20264420239461,,,,,79.066066689287,134.56904526641114
squat,70.52813445775104,65.82115799566671,78.46591729599895,77.7151948827605,,,,,78.48784322498962,136.1877329683362
squat,70.79875955992897,64.33879365149464,78.93852045770142,77.37068224147833,,,,,77.61304770442248,
squat,76.61961605351289,69.87799201562615,85.0504880555972,81.73445224166548,,,,,78.17723327946416,
squat,76.30113281617807,66.4414008963829,85.73140373745112,80.28962172941571,,,,,75.62699008720877,
squat,94.5654837233341,79.93444159230567,105.20474467367833,93.06217391908336,,,,,75.95654256136663,
squat,96.56214389296598,88.41088694015845,107.62037206695065,95.30704250773375,,,,,75.76824244352366,
squat,125.67622662409867,124.46829223439468,118.84497379990047,104.5199786876481,,,,,73.79783815234144,
squat,155.22613452175563,144.82107013402208,132.25674150766176,116.70773836746389,,,,,71.72227773752859,172.20003963626772
squat,161.52701988499982,157.17703916248973,137.71032078168165,125.46388361442784,,,,,71.90319919406026,177.5637660704285
squat,169.77585028189904,176.66964168165595,142.5993769352947,135.761915789455,,,,,70.25037368588323,174.4182854008579
squat,169.2056184908087,174.9621227372215,139.852132502114,144.60197889084208,,,,,70.25338527458223,168.35056570038037
squat,170.4961305297769,176.82688311404797,144.18715114205185,143.64475529066942,,,,,68.97886967696412,176.37379665555304
squat,165.7671937012721,176.22913144030773,140.54646361487005,149.74816141626277,,,,,65.49537813935261,170.4723618219998
squat,164.2445690105441,175.0062466591049,141.31383456700024,153.72250026264533,,,,,66.50458718934668,162.24427710844765
squat,162.09397335133988,172.7475797804454,137.6235919538142,156.00153007170567,,,,,64.84130538724654,168.4034749921607
squat,160.90751200812088,170.36452133322027,138.0519148202429,156.77467025228282,,,,,66.99926139389565,162.66682547788585
squat,160.11902035334506,171.44212313266894,137.7900632980339,155.89891955248422,,,,,67.37108600600183,160.9052687311297
squat,157.20039029617948,171.909666714463,137.5047899219007,154.75849340742718,,,,,67.6763378728995,167.68021447616604
squat,156.69238019931552,172.69564125270952,138.5777304970322,154.04731603451216,,,,,67.73387853548985,168.49429479909608
squat,160.75233865895416,174.17595158839814,136.96827580397,154.40784619871573,,,,,68.92673819121642,158.84188570267438
squat,154.18137818450992,179.44203855568054,134.4739981018973,148.1913302422768,,,,,69.91595828393477,157.65334735015367
squat,157.14705748006784,169.94123114074034,136.29224613953002,141.65782156401062,,,,,70.82935715654867,160.0400650650002
squat,117.88504622344387,148.85966521143092,115.83776606339435,130.94516119119666,,,,,72.81995039605587,147.16965098825423
squat,99.8922069995033,113.776829656015,103.97284046528983,106.63443403205477,,,,,75.62874161899295,131.14140421451734
squat,96.31936357934421,100.80415807257356,102.09983004813795,97.5109946273279,,,,,76.6376189903829,130.8344882104787
squat,89.61193938347131,82.09138399948135,94.2119191291943,85.08172324265308,,,,,79.26359681716205,140.74540847509365
squat,82.6699089291459,80.70819364842122,91.21094582779332,81.64990690320481,,,,,79.31425824525486,142.14759899849471
squat,72.71807519547053,68.85663448223933,75.74287343789844,74.4078508160213,,,,,78.04397799922056,139.94027083190832
squat,62.63741374201541,54.804155396016604,65.79884450213264,64.69533436444475,,,,,80.31504730645084,139.98778701039987
squat,62.17991260892571,50.24261261373442,63.70243097247907,65.26357610040009,,,,,80.87615022224581,139.27274724712277
squat,63.8142693865516,54.119391084666084,62.9498604504015,65.66630608697089,,,,,80.25938570562597,140.236516381669
squat,70.74834379837097,63.670766342985935,69.71344099850155,71.4941124314158,,,,,80.40960895070339,144.84243399133453
squat,76.74285088778478,66.1838258249573,75.15310659599245,74.42584695480242,,,,,79.0740352992943,149.28355957432177
squat,79.88467599039716,65.03213295957057,84.56140002222526,75.81637050362295,,,,,79.70339391041573,138.55649708606205
squat,89.88204943414522,77.41996610539059,101.26692695784247,87.29891099789698,,,,,78.80379467940949,132.8805943773695
squat,98.4814110925918,92.25295228883894,109.01918823558789,94.33680096685843,,,,,78.1360200783675,134.12159011075443
squat,109.22844938005893,106.55420669553897,109.43337294288715,102.65360203142029,,,,,74.99333999245015,137.72709453542856
squat,142.88348047738276,119.85070254797327,120.9380132192339,110.32645337140374,,,,,71.72498048985001,162.66309712634109
squat,152.79007449526316,140.3270507240145,126.83106493946444,118.1556383687696,,,,,70.67390161797347,173.55384843173658
squat,166.49630305806204,149.3186737313944,134.52635270929144,128.03963486748307,,,,,69.3749437380649,174.4410284643753
squat,168.99201886651076,169.38884845842745,138.30715290459193,142.68324148475529,,,,,68.7934126762164,178.04148036693874
squat,158.20997252674704,176.02108919583193,137.41677898228693,147.2460289195686,,,,,69.23065114231896,159.26247546382967
squat,150.65172124340265,179.70060023741823,132.48328786690442,150.42418729141102,,,,,67.5213587500803,164.05879377198096
squat,162.95705593021364,177.56960902382338,139.37321735955854,150.3950081529788,,,,,69.53214970807488,174.0829542272698
squat,157.5129880125017,170.6076069101831,140.6286738814742,152.35313679552038,,,,,69.79216016508401,165.23730756379135
squat,154.79333153922985,166.9074013321242,138.3361473003793,153.53022405451114,,,,,69.71288933902986,162.3584456643196
squat,152.85703737535908,165.07213396043176,137.9154926406942,157.05261279931452,,,,,70.17683325561195,164.64584195343355
squat,159.08418731075008,164.89051215682755,140.23211732244243,157.27409010121264,,,,,68.69419744072061,167.70848368651326
squat,155.70993296076128,165.87170630821737,139.10627494881675,155.69580914833932,,,,,67.97355499180979,171.15530707583596
squat,155.43393294202448,171.86579647648105,142.1994129488314,153.35330626263934,,,,,70.90906713656719,163.54511866525823
squat,150.52530459165607,172.10438482335448,130.76754174395504,141.5772634760395,,,,,69.02465317868878,176.9684883597185
squat,147.2789338060075,162.0138494520332,128.2725092652993,136.70334579242441,,,,,68.5943224802586,179.37538706229165
squat,114.60683077549692,133.42899387313244,113.50016600921732,119.9813517468469,,,,,71.06094496894201,133.93942596030416
squat,92.82596918978446,100.01709885162727,99.41281876498195,98.42782312812938,,,,,73.94583194996338,125.83433996783454
squat,95.50465729842801,83.44001266275683,99.05321009313849,89.07150438565321,,,,,76.12145789718721,138.8746240848477
squat,82.05114112816439,71.43494296480758,85.47326045295021,78.24324349680778,,,,,79.44826181891003,144.13354623407156
squat,58.23305868290445,55.514998528632255,59.44837043752109,62.75285929286588,,,,,78.23064148368843,139.41795923326688
squat,52.5536325188082,48.89429473199159,54.87122096627583,60.254113662020956,,,,,78.5642212127512,138.65607430537474
squat,56.96744428184606,56.038374514974116,61.87534057599553,65.8553618236581,,,,,78.7257606110834,125.54392225263763
squat,67.77334313719395,60.71914652538651,72.15287116269357,76.69446026689637,,,,,77.16079193841061,125.73382713053188
squat,79.49523040390014,65.56033874700003,86.26543666736775,81.08546372318541,,,,,77.55543941476947,120.73668344298162
squat,85.88122189636414,72.11295677820702,93.04271733741217,87.00448068789157,,,,,78.4354077304398,126.74911900794261
squat,106.34768118005694,94.30707425918273,105.193147529264,107.7673324398507,,,,,74.84199733227567,131.68654406104736
squat,145.17805993527912,116.13311394862733,124.70909005648649,118.35041053169675,,,,,73.10049513967678,164.8773612381193
squat,169.7557331858797,146.14196872490558,133.26773714935908,130.15083814195907,,,,,68.82517014211223,156.9039789878354
squat,174.84595111171146,156.7102784089034,134.9280691289006,137.6367535510453,,,,,67.04241822867071,145.619353859541
squat,160.60541429613906,175.8144460118832,136.9209418468485,149.80078205031631,,,,,69.124845856579,172.55900748228132
squat,163.62300719282916,174.77330805499156,142.30776413785875,153.72471945983722,,,,,69.20111561005288,168.76821683921986
squat,163.66704217261048,173.2116474471565,142.62638149149447,154.66787353663014,,,,,68.67718533945313,171.87079082406527
squat,169.12284710684617,167.7066924111598,144.75012461655962,156.41560950480252,,,,,67.4792914771888,175.3476342277336
squat,166.64492178563054,167.86528188387024,144.78248781422445,156.9941266124204,,,,,67.96748452226807,175.5383283250157
squat,166.72038182967154,174.2219703415801,144.04976042116655,151.90540508810898,,,,,67.22551130594984,176.76395656773522
squat,160.93696149496196,175.51360119563157,141.4067097224566,151.74540026679816,,,,,68.11082571746518,168.430007174272
squat,161.89936167940118,175.22623251172283,142.68769897908558,151.43140930603775,,,,,69.52817248458106,166.7627397386643
squat,159.04769176201168,179.3565281044445,138.69466585770328,143.52783887150025,,,,,70.17350632695913,170.3067532434535
squat,131.44255123492326,168.72929967655986,122.544337149101,137.64550333671295,,,,,71.777981812888,151.66785095965713
squat,105.1329744620007,139.80669936438665,110.73307633638713,125.19184373152329,,,,,72.19947978734035,134.6977064714675
squat,104.43907925217744,124.72023218380886,108.4079010936048,109.49856299575917,,,,,73.99151781125353,134.735890985788
squat,94.42402460430128,100.6597257114886,99.42708874820102,95.3765463537171,,,,,77.70258645800489,139.3302332586489
squat,67.80921569687379,81.73793304431928,86.09772160578882,88.76765246790191,,,,,79.0785794176562,118.97201385126485
squat,73.03517968902037,74.51254299082312,81.2547005662107,86.64207623331343,,,,,77.41985658138694,132.44969769170024
squat,77.66665509636184,72.97411560037277,81.64455746589388,85.45886618072167,,,,,77.52369080178329,135.3248694378143
squat,84.82943574573575,73.26959254933605,86.51231949586594,81.58722366559613,,,,,76.4188917089532,136.11287034226683
squat,85.61693834238531,72.32520734257541,89.93680586565054,82.16871136390637,,,,,74.98921234685601,136.61196624973502
squat,97.70156288325867,79.02610774832378,99.43368335905073,89.1599623944723,,,,,73.00536458956005,139.7384058344928
squat,128.20369317780842,102.71888877992934,112.1154116119053,100.55850211763666,,,,,72.11058475215296,154.90744073519323
squat,139.0019456774212,120.61282313575646,120.70776700008186,110.36668743158168,,,,,72.11869648732097,156.26326604549587
squat,154.31045121434119,132.4357030556506,129.16112047034008,121.11580827871217,,,,,71.32508107907822,178.13016394261805
squat,175.37875461472035,156.1645494929266,134.28278127860284,134.1998709362339,,,,,68.2805734862517,159.96019784496534
squat,170.41464422075447,172.90674843529555,138.30802987694656,141.87884848743917,,,,,68.45284205640759,174.64188813885812
squat,171.03882046562478,175.0778009002749,140.76070984426602,144.75036469650382,,,,,68.28031608837819,172.96288219993122
squat,178.992608277097,174.2720537669234,143.27102089231485,148.7570345772734,,,,,67.96379314294428,143.3388426278325
squat,177.27908417658307,174.51717648954454,143.70602284544955,151.3295429947724,,,,,67.19571120132514,139.0512436368663
squat,173.4291086447678,176.39392912488694,145.05722136233172,150.44100092246651,,,,,67.07677371983546,137.45238191383302
squat,176.5251412478634,172.37399895597474,139.1578982618082,154.62689942918993,,,,,66.6792966295026,144.8012243164306
squat,163.89853038290644,173.90168744205468,138.5929062657024,154.89586200582931,,,,,67.4930885562571,174.78676554293676
squat,159.33497406127134,173.06491942905114,138.56718643058727,157.4234722183933,,,,,68.58981275601425,175.25395581695017
squat,158.47864085249785,173.15983430314105,137.25681229802058,158.12489998294413,,,,,68.7309430865466,171.3598046806942
squat,160.2492169911103,178.2257329057054,134.5097002636767,152.71634793616138,,,,,68.6751625501234,157.73169096563072
squat,155.5174050763591,173.2907135096759,130.22915520961686,149.41840308854097,,,,,69.1981712761711,159.7539307640874
squat,140.0890361703263,164.88424144501244,117.00338297705608,145.17022503898667,,,,,66.91378714341305,179.3886571377918
squat,110.77883157303191,125.75556319167349,102.27232438272182,114.37104083917605,,,,,71.71532348075768,147.40815184057593
squat,93.93646154068992,89.36120641009039,88.4155060318164,90.70629439372195,,,,,74.5583210399509,146.49351718262906
squat,80.47620638802898,69.09971013742926,74.50525194003892,71.66175978811606,,,,,77.40111115448258,149.25084810086997
squat,72.51541678009865,65.55550340200674,65.6409638168417,67.53301729427575,,,,,76.92829441976463,148.9237170519104
squat,70.61608160493985,65.27778498960461,67.67193465361707,69.13617671431098,,,,,76.825605516787,141.44806180913503
squat,72.54508768598792,67.49961752451034,70.71489273395409,72.62515428226638,,,,,76.51347719380685,141.4993460096377
squat,81.33072776139088,70.64397175565414,79.15044425545234,78.1804970142145,,,,,76.9605211092168,138.51332899360816
squat,96.05960192342584,74.75634915617444,96.63789349191056,84.12886095236865,,,,,75.63970949725436,129.14609107379022
squat,98.19820612402978,79.78079641061584,107.13004001694509,93.1324780311301,,,,,74.48303693266993,128.6903310143895
squat,135.67580396636689,104.89247291465604,123.81834385876938,109.11271131009947,,,,,73.05644800390893,158.16367729537947
squat,144.68094654067795,118.1404847262946,125.0423984381172,117.98993811617065,,,,,70.16483378203779,167.51280124667807
squat,161.37157668908787,137.00605713023376,137.36455441048733,123.85567868485066,,,,,70.45371538621714,178.043200787966
squat,173.8915289189863,164.74038180283844,138.01413698202862,137.52063338397093,,,,,68.66050500653564,155.6330433198983
squat,160.20580238384144,176.58129664584771,136.4439861342402,149.45516487697603,,,,,69.29063376324007,170.14490525587743
squat,158.77838803515823,176.717620104715,136.44205267212504,149.88168697405246,,,,,68.14408314528191,162.97499623290045
squat,163.76757709060703,172.31813086042175,139.93760220831166,155.55708101362688,,,,,67.64389205589164,166.1739264090501
squat,162.42319977582514,173.30688829779936,139.06680115242614,154.29473658226522,,,,,67.45821086478365,162.51005971719238
squat,163.53712642793334,171.9213101575264,140.8030481641338,155.27114188951296,,,,,67.38751770363854,172.84441712628694
squat,157.29932475879775,174.7454609922831,137.49762097448863,153.68381247914485,,,,,67.61813260619635,167.65806163562095
squat,156.05696251422054,173.13318570312103,136.88028005708767,156.73790573134028,,,,,67.89584295589836,166.71894154772713
squat,156.7441000717209,169.50295808965703,137.8350987062927,158.39153668956357,,,,,68.26787616784237,166.01974839191323
squat,154.58001693789495,177.2913469565752,133.6521763429643,150.9152689845039,,,,,66.82964012050884,176.56087213201226
squat,156.8927971090123,172.2527265080153,128.87250137636232,147.2836833245394,,,,,66.13558435322928,161.71148313437374
squat,155.1667050821625,163.97569346234354,123.11173449247558,141.16874083036262,,,,,63.98114666169567,160.62573925421395
squat,125.17151155211833,128.32007703276398,108.02389874581402,118.0505961070988,,,,,68.19911841433473,159.30934321951145
squat,109.0993315774266,108.46260038110042,101.81499076967656,107.30236766773697,,,,,71.0632736535975,142.9036867393092
squat,90.01453989564637,77.32427011113137,85.30926107196896,86.8043614939668,,,,,75.22478794194744,139.34922637455375
squat,78.22468071948124,61.259506508173835,69.68732866744844,74.99201117186472,,,,,77.22227991129765,150.21835630299321
squat,72.84796722279432,56.32825748688047,62.21714788463993,69.28749146259074,,,,,78.75527274537008,147.2589165216579
squat,75.38035013769728,63.28079663872438,66.1121301463297,74.3985051199432,,,,,78.00009296519823,145.48675619455906
squat,86.73166556370472,69.93166074790528,75.39176638026598,80.18020890421852,,,,,76.268861682706,145.6612363257422
squat,81.10163804889149,68.09259383132566,80.826287306385,84.22819474208701,,,,,75.65560906187929,123.57891494266931
squat,103.20395882042327,81.42266132250671,103.70592995668791,94.58679249535015,,,,,73.96901308967522,128.21795720201987
squat,133.70258162060705,106.34974655822849,114.62300173056059,111.86897700405456,,,,,70.30167687236255,154.3934317599291
squat,141.1843171583946,119.38899109057544,121.74248993892309,121.79393091525723,,,,,69.87802677659504,163.92282521015693
squat,162.32451262426136,139.09392106804935,131.97466856353023,129.40814301249327,,,,,68.28043667055505,176.45282703261142
squat,174.93083253227962,159.54410641552406,136.79218234115447,138.1390294415411,,,,,67.88013130495165,152.95618922096668
squat,175.55307308083567,168.94046518796574,140.36687161512796,143.11777820158906,,,,,69.44759373000822,152.90483666099854
squat,161.61524940530117,179.52674366930944,137.78512024597975,147.843536829083,,,,,68.51655576512042,176.21587609227666
squat,162.27879044846856,176.0057624876039,136.75703755182772,151.43687972361315,,,,,68.06360967407404,174.61582352199693
squat,168.9961873771947,173.88262764536492,140.13269235064354,151.3811952879634,,,,,68.25833229928757,157.9968388483302
squat,162.17880162252274,170.85735968675306,141.61578668291108,153.46295489253686,,,,,68.73662137403122,176.45533138179692
squat,167.82446501482235,171.2851250741924,144.30858427398502,154.05962464291787,,,,,69.75412397830323,171.60083707545104
squat,166.82780745586223,172.3295238224393,143.29546270267397,153.65692525019085,,,,,70.01777148873092,172.0399463172274
squat,167.10401504977645,172.76266041516016,144.37092759977017,154.33346798150566,,,,,70.50945808800225,168.59099643396303
squat,168.70750915304586,172.6094393374914,141.31619113894826,154.27723683633567,,,,,69.30980751338605,154.2898172739758
squat,158.32772523872146,174.00555632713207,138.97105570768682,154.83516060684923,,,,,68.73132810620801,179.85492558470344
squat,159.4825261924087,179.4759871333524,136.2181747474806,148.86574133327122,,,,,68.73519535721938,172.10904899268164
squat,150.3712601333837,177.17358722807424,135.90929562730912,146.03711703086086,,,,,71.64031934886526,156.4268020708696
squat,138.62978849395654,152.19146162424576,125.1744864147156,135.82640952455822,,,,,68.54939459559304,157.54058150725484
squat,135.00840183778706,140.8960515515491,124.48012608759917,127.79197925730688,,,,,69.94421879444103,157.31731322424545
squat,109.08200751906848,120.1333375388169,114.480329097056,118.44565942024597,,,,,73.62463438497804,130.74165609183217
squat,96.17670468033666,93.77045170069756,105.60435058192614,100.3060834873933,,,,,76.57157621997445,122.94062280840616
squat,93.93527986875583,85.16604169410459,101.26955233352103,93.95272864028328,,,,,76.5240342553615,132.31635892162717
squat,88.79020720352513,78.41875975610712,97.25531239983842,87.77365120124192,,,,,80.6128112476582,136.57915082602204
squat,71.3807998073218,63.82157719760206,70.44728095977146,72.86946768560956,,,,,78.4053358640176,135.68473279602722
squat,68.1262872933766,59.17367769371978,67.95937984140967,70.02408901888951,,,,,78.39483007053667,137.2465044386164
squat,72.0446972249776,64.31095743664504,69.91463534353147,73.06359566958864,,,,,79.56238752096498,139.76996006535944
squat,77.37463582668993,68.4453792378767,75.75536842974279,76.77909744740823,,,,,79.26744023201196,139.241741140622
squat,85.36099163644448,72.13691066885706,83.75121316635911,81.67444470739349,,,,,77.9664639049983,136.77802113325407
squat,88.085853443169,76.31597646463057,99.39781838850048,88.49997038368954,,,,,78.84117330337165,130.79658865218613
squat,116.27491321622078,98.81058862062025,109.09743256618407,106.32345976428364,,,,,75.02377281356456,149.64963364465942
squat,128.82017775798124,119.63055090244458,117.34663121386097,113.05906501389303,,,,,74.54650646964325,148.3635624271392
squat,159.38523464360281,135.73619562864545,130.87014961724165,122.97917397142544,,,,,70.80506529179763,178.81270638800464
squat,172.39525192552207,155.6042381348786,136.74143475520455,132.2951351716305,,,,,68.70562124493289,167.40517031312226
squat,178.48770692885938,168.36852323432961,141.70122395528935,139.9895489586312,,,,,68.92135406265415,158.25077289416916
squat,166.22088625919085,174.21225840682584,142.26391663517705,145.80265123555165,,,,,69.00555138161347,172.42770921426433
squat,165.64396573182117,179.86262086838008,140.064435957626,149.08515996514365,,,,,67.2912435422841,173.44480556982276
squat,167.11221124347819,176.90162057962934,143.08244208125765,152.08940165350805,,,,,67.38955446980981,177.80465362325918
squat,170.953599694455,176.23757161196792,140.42799161203087,154.20200602888244,,,,,66.63476334961666,166.59304032467236
squat,164.7636072464438,175.58768316865948,139.96258737854856,155.08708861569554,,,,,66.7230109838707,179.94337752516074
squat,170.08733042619585,166.62867536985527,137.5008411392864,162.90248766315008,,,,,67.02256907084964,154.68895890848324
squat,174.70813310198167,161.94881386381877,137.023143425407,161.6398766609209,,,,,66.15369722710628,141.6909508063834
squat,177.97082140124394,165.23157500322998,139.79957255311962,161.0802305114308,,,,,66.73697661742088,135.50122284904273
squat,176.82594934255368,165.44635649299707,139.06658132787499,160.08102735741593,,,,,66.59120186820152,139.82429936828657
squat,168.94062494207625,167.45931026554308,139.9680472692449,159.74457262972768,,,,,67.11978442889391,164.29789004133056
squat,163.11918323678105,168.18559681019343,137.86951324997304,160.31132880122775,,,,,68.18243437743828,167.20437635427837
squat,158.27817236617025,173.2100579061052,135.95268291914724,156.1880471837698,,,,,68.18044622645071,165.44141744833632
squat,152.59362045646338,178.61700542768378,129.39772085672755,147.844197763764,,,,,68.36353707084348,168.8213153723441
squat,139.5448891662867,162.02385386615003,123.87514890600377,138.45372586970458,,,,,69.11813219503597,159.74993647909264
squat,130.26322968314858,149.18401504769358,116.36844066733032,130.48070188195558,,,,,69.31920651508216,163.64707352043743
squat,110.22450825465198,117.19307080360166,100.73001698494446,106.38696252253861,,,,,72.06193560964579,147.7486348135912
squat,90.11265111230175,90.59636923692621,94.05457606017895,90.37737418096675,,,,,74.74320088133736,136.37717824928484
squat,83.51537626157061,79.24068030980935,90.50478991284588,86.7940249409481,,,,,75.02845164280485,132.12454074362682
squat,78.98284413095327,73.87457820580975,76.08574818371655,78.3542032394293,,,,,77.88458447241356,140.53528482682432
squat,76.44316574611501,70.29236708960379,70.21047193477997,76.03730399615992,,,,,76.64811959948555,144.40811141272985
squat,82.68729328622437,71.63230277474392,73.74818200409129,79.46919513146007,,,,,76.2795691749763,142.60614745518856
squat,88.52802328978186,74.24914617650585,79.24628796299187,80.91734690210791,,,,,75.12870980144832,144.7699869336186
squat,100.6270771850128,76.06940784135567,92.23149793127266,84.99061390420079,,,,,73.92884558514382,150.06215742785324
squat,106.30506792436586,80.8410452180232,96.98855876082608,90.07109426295573,,,,,74.56616682167217,143.549008664837
squat,128.85072105886093,91.28146033733762,112.47935047074564,101.10642548060602,,,,,72.63400837268395,161.17366716661022
squat,134.61878495714922,99.3471430629678,117.31637105501721,107.80588530330961,,,,,72.62540151075748,163.18115632041545
squat,161.7061954409296,121.79706998758363,130.96379309915318,116.09136480075973,,,,,71.24337879529658,168.32261289766075
squat,176.85933782290553,148.83700222475713,140.8123778399016,128.73203415653984,,,,,69.21530305475264,164.1196592527795
squat,179.38062037634595,163.62980730142957,140.78247505040775,136.8477337196723,,,,,67.43194061613573,151.438052149286
squat,170.79256989886514,179.2161844143507,137.22048810797298,146.73790316424277,,,,,68.22083428855984,155.76401675236036
squat,162.5125650417366,178.28644467751351,137.29252456802357,151.25479519970105,,,,,67.9864496870559,174.23221301481308
squat,157.80124728806277,161.20353094707153,133.71074590148527,167.4490004981013,,,,,67.57480591248816,175.49712892585956
squat,157.0503009481949,165.32429667662277,134.14435457558068,162.22879386380342,,,,,66.43784549728856,170.9989770575681
squat,165.64056424470857,170.45250594722611,138.70146687644237,160.38419319197385,,,,,67.33826327774923,179.6070066009603
squat,159.3105017576952,164.74456890586364,137.09098536939803,162.66001594697735,,,,,66.1787195117536,168.36999814611877
squat,158.66949218951507,164.5269940201358,140.00017735716966,161.37566891457345,,,,,67.18230047830909,163.7786359761631
squat,160.16438241045796,171.29550805548655,141.31877397963828,156.5538740890515,,,,,67.55637105076823,173.22673604522151
squat,162.10150807714936,175.04867404152287,141.91806577482222,151.04206702031635,,,,,68.18862668152126,163.35929681101823
squat,160.6718588117863,178.65440171348277,142.8421079998137,151.56935652663108,,,,,69.43947101212748,161.47367217485282
squat,157.09244442150876,179.332810561525,142.02279564686415,150.4299768366897,,,,,70.03825228984675,169.49385379669204
squat,140.34821113324205,170.21653035631675,130.67093448402255,142.7867889509419,,,,,68.72512795005493,156.10056119663827
squat,142.763284669232,165.0659196976087,122.5256628828908,136.67999293143157,,,,,67.50414778690033,175.19714801447844
squat,109.26119681321612,137.90523212835294,107.25502649940213,120.12404860636067,,,,,69.10709446643712,144.2374987371136
squat,104.35539405346076,123.20546656035567,102.89784262467445,110.60509398431002,,,,,71.73939519257657,135.00339427938917
squat,93.82876230189997,96.28772261588095,89.8076101562177,90.39327891915771,,,,,74.08122229626848,147.4611883698866
squat,75.24896587821584,68.16265202613722,69.9181915451424,71.9952911586461,,,,,77.08711896490715,142.25503899744044
squat,49.43654976805076,47.507109005058176,50.13431511621136,54.17884974332285,,,,,79.06562115827164,136.81255677482199
squat,47.08215130092071,39.43834304999043,48.24077661318368,51.42171001770373,,,,,78.66015601595254,132.9103678281155
squat,51.59921595487225,39.89034614936376,50.121358143730774,50.360888667962925,,,,,77.9068595713961,135.51769538020736
squat,54.329838475125364,41.916582750933024,51.98090208700444,51.57396108621094,,,,,78.17124531001083,138.50257278550833
squat,64.96415207013418,48.76443966394028,63.35309164689882,62.36885284428496,,,,,78.012539311444,139.7611692487279
squat,72.268240887137,56.58809179485116,69.23579232865968,67.96232020842416,,,,,77.13830558789455,143.4967032052902
squat,85.40901279024233,72.29348716306536,81.75357208295318,73.2663572818089,,,,,76.84665706535705,147.5706130315239
squat,109.40638510505394,89.47826505318324,105.35302177120658,93.5489700941252,,,,,74.95944383787462,155.04025690522562
squat,120.39894443267343,101.386030547563,115.39100495371574,100.22563419601877,,,,,75.69003383179177,151.3945805295168
squat,144.44531920173512,123.05852121383865,126.99751568707758,114.01557317549648,,,,,71.59146803727286,162.9672478884737
squat,169.3401421357869,146.71299311148925,135.84810859223174,126.49223493996514,,,,,68.25698494937605,163.0639157189526
squat,178.90711816698797,152.93518527723052,139.5079485848107,130.84153519825048,,,,,67.8316413636171,149.7452052162586
squat,178.45792344451607,168.3489795378843,139.81755948971318,140.94634552811814,,,,,68.47992371145877,157.4852548473151
squat,163.6330211226527,179.15490859848077,136.9430403698946,148.3624492464402,,,,,68.34634766989919,176.86709881318052
squat,159.09511998532886,173.37356712590736,135.86646440870902,152.1065729687242,,,,,68.13734267649849,171.27179270324802
squat,159.73157399524234,168.14600864225073,137.8661016604882,155.8069570516324,,,,,67.53161164459802,166.78078855711703
squat,169.53327255616827,160.28378867419826,139.56829892274285,158.91456380118814,,,,,67.36298839282462,158.45268084359793
squat,174.85261359833999,160.57504031207816,139.91248627217706,159.05749013813036,,,,,66.70742864793435,150.46356072791585
squat,163.05711886901756,164.2469266730488,136.6724010663165,157.29738633838338,,,,,66.49390430808556,173.74423571587124
squat,165.8470382478165,168.0957707733659,137.33366210055794,156.9969327826866,,,,,66.61292085869991,169.20631892353725
squat,160.99298717935176,166.70808522773788,137.93737670890116,158.87809671416687,,,,,68.3875577538905,172.0323293508412
squat,161.8186490286995,166.42341413185582,136.79114329353644,156.37315154910334,,,,,68.24322059507934,167.3793194797535
squat,155.51554593067476,174.98239588687778,131.6857186002871,153.8955899450382,,,,,70.52061907052982,153.34004392567684
squat,127.25468875831405,162.99590786635827,115.19094561387416,143.17493147505783,,,,,68.21363652237733,155.62679580092598
squat,114.65135935900175,117.25970972704427,99.15650813725533,106.16864597546169,,,,,73.08636433141508,156.4806754751893
squat,106.00245582888057,105.63108773489753,93.70240930616241,96.32847110405041,,,,,72.73707470836348,157.50638835546397
squat,84.90955998573061,84.12264524582827,76.215622821177,80.40529329906359,,,,,75.10043650153378,154.3451811031746
squat,57.88389507496553,54.70702813098024,55.34396105253098,61.20184261093269,,,,,78.84362462011488,140.54585255527198
squat,50.55640367728427,48.148013775888906,44.75958300687224,50.575521738515896,,,,,78.72862746705384,145.5817606731181
squat,51.11428799664117,51.209063042403265,47.493550756416816,54.25475478030152,,,,,79.01446692336786,141.17872485251945
squat,65.11079380631789,60.564645874247084,58.51056024369611,63.82575940009026,,,,,78.49128563143918,142.84397038228667
squat,74.9955597522797,66.7943821567629,66.01461163337098,69.58422442658403,,,,,75.88986173697447,146.04486652039446
squat,88.88773760737644,74.74633695429304,78.11280235411043,78.01496583030764,,,,,76.85198223180753,151.8940284620205
squat,103.234712418686,91.76677196032685,99.8217916161408,96.21429033627136,,,,,73.57295124764192,140.03789626134466
squat,128.74274506064836,108.93968843868272,116.80514792852883,113.38574572910376,,,,,73.46467007287909,149.714244455174
squat,148.70303088794378,138.71570780716806,130.55144318732053,125.3036405283006,,,,,72.2832438349685,167.20713051097155
squat,156.30313494158355,153.8306194583184,138.7116247254027,134.37002074128588,,,,,74.19151928706763,173.30807324330826
squat,171.30032854401202,171.68768023028463,143.1729065526903,141.42185732656785,,,,,71.86884411194856,167.93529234159212
squat,174.39747740216905,179.66718499739653,144.93432537628652,146.85503104644206,,,,,71.64967206806395,162.8137881884524
squat,175.47027604179362,176.02472769394024,144.68312499826197,149.84675086621806,,,,,71.41384451101025,147.6485863062046
squat,176.66433382965724,163.37956662515464,142.5438568805492,156.94734756962723,,,,,69.37227806157293,150.83877122290255
squat,174.41781730956683,168.0228142244181,142.03882395455383,155.24636501358168,,,,,69.52067730078508,160.73451965323412
squat,175.32304527839685,166.53741911360345,140.44927555773734,156.50992089690155,,,,,66.74313482929554,148.69482706819716
squat,176.10638990228216,167.52941366357106,138.43696189418895,156.38963442822012,,,,,66.63370922945883,146.33159048962654
squat,168.7041611290172,169.43615161941244,140.90018700970012,158.03092603702686,,,,,66.77189306149327,179.91384092179493
squat,167.33502391079523,170.16796438851495,140.43299279005493,157.76040750016003,,,,,67.68619036509983,174.07753030876628
squat,162.76333189005763,170.7613345761934,140.23782971524295,158.94506575582284,,,,,68.2547895876882,175.594720111101
squat,158.3205187021594,170.34824826212554,139.40594502626257,158.72358759180088,,,,,68.97207942340218,170.2213678108333
squat,161.5289075561697,172.2312046743763,137.13805877158987,155.32026200142843,,,,,68.8906431477514,166.06347183076062
squat,163.01436447914273,173.13724144422957,136.9457122527774,154.98948804092626,,,,,69.46808691165197,158.29938765272885
squat,152.0632873141078,177.576213668237,129.26181570641572,148.8239784229562,,,,,69.37966214749781,162.0504593183849
squat,120.1421380324608,157.86082274135913,115.89416334226465,138.89659641955768,,,,,69.49344657743347,149.21587605932828
squat,113.63826637997714,137.41381648370015,108.61314838104452,125.83722657739355,,,,,69.83006260661332,142.67765966317026
squat,102.73727956386327,104.79805966233714,97.68881284022565,99.22658690037805,,,,,73.60266009388596,139.78449900380974
squat,82.29110730773992,63.74594212754643,75.31345732196023,73.1010223305364,,,,,79.0102835653152,146.65152139227018
squat,69.33507831900074,60.02645642447742,63.69034862464431,62.86190547034184,,,,,78.68750843138272,140.87843574006874
squat,54.13459286252145,41.71109963805612,47.65129022446432,49.54748055704077,,,,,78.82545722910771,137.8003167624163
squat,49.18004791618517,35.82497412496296,43.80117120545958,50.303694116170384,,,,,81.08156071080198,137.42395157836665
squat,63.47045905326551,46.27478204364511,55.51091527800073,58.36906554491474,,,,,79.48627289528697,135.53309691480578
squat,71.13997076416784,55.674998795094915,63.681035965322444,64.48992313391669,,,,,79.5073739918836,139.6468527597812
squat,102.8460947283405,75.36586851040671,97.62013547863154,83.69431448853642,,,,,77.0211992291669,133.95392918613186
squat,126.37286267635848,102.25372179546532,116.73436608268203,104.9323913261327,,,,,74.49819522093459,153.01783218140173
squat,147.8924609393282,125.6596937556525,124.9767893368666,126.73916266691255,,,,,69.08949531000493,174.8972940089564
squat,156.65642302199277,141.92469536554557,132.5536035285675,132.7712663429198,,,,,69.85940830219504,174.3690387310961
squat,170.8737710011822,155.8811381501871,140.83629708968996,137.63902479221937,,,,,70.11849727934658,170.93056560882886
squat,176.63213438082593,165.9466592635995,146.0414585054908,142.77183120042483,,,,,71.09880528990567,167.42225366243906
squat,173.7296358673437,174.54097299054715,145.146863396751,149.10110472392353,,,,,71.58858184923854,171.37787450210553
squat,171.94708573831647,171.76948374517963,146.33704539582155,158.84047889267,,,,,70.7621273434404,179.55101258185883
squat,167.63491491998292,162.80166443976003,145.04531705158533,160.44405890860386,,,,,71.76707210560227,164.54134259054098
squat,175.19316776501347,162.07086545439836,145.58530259787526,159.00470904959712,,,,,70.31411799496999,158.05793348368448
squat,172.66853359413219,166.37645598509715,144.93558966247193,159.3272949375363,,,,,70.9459933373526,167.9300369343948
squat,162.85748142228783,168.84215813821766,140.1898218612828,156.60697778645834,,,,,69.6472124114824,173.1863302113336
squat,162.3288634988253,169.9806104943662,143.51869056151102,156.20616485328665,,,,,70.63030084143949,172.32610977436119
squat,156.16513165551694,171.23775873447713,141.47758024086832,158.3723982472641,,,,,69.202491059704,166.5552556147223
squat,158.94573731529655,174.35110624988792,135.8538868301435,153.7278371904054,,,,,66.88000655335793,172.58933875933
squat,153.4340524178364,179.4102681063343,134.15244639853015,151.30106999106462,,,,,67.94365024207795,167.43985551236037
squat,152.279623484698,163.431214500896,136.2002352282875,136.05775249355398,,,,,70.73286808754327,173.18994663787637
squat,148.16127737333775,153.8173031246975,133.99427718188824,130.9407664860806,,,,,71.97959533081041,172.16112798311858
squat,119.05951562775124,127.41349163039223,120.33085956785695,116.39739055102845,,,,,74.82870557972859,138.4129914084114
squat,98.07287636233664,93.1710543495559,105.54076365381493,91.90258034898001,,,,,77.3350681277815,125.33240515010112
squat,95.55899756710939,79.37721103215704,102.17254892034566,85.06694250709485,,,,,79.22285647403415,136.6192580838239
squat,74.50482066446985,67.02429009806954,76.16925122486184,72.26118118505744,,,,,79.60399214651042,143.65532547482408
squat,59.51889029696674,47.99711413339113,57.08617472161111,58.50137595415079,,,,,78.59576480812835,139.91315905609432
squat,54.79757232785397,45.10385597541315,52.274158901432756,59.256582679661676,,,,,78.72138590814177,136.88243552891623
squat,64.47658846060237,58.441721133500565,62.80493957597143,70.26303425749117,,,,,78.38873113817883,131.8891543122527
squat,74.85880057021731,67.47789653438161,72.79415518071315,77.92573094262708,,,,,77.73002057300295,128.69232152322218
squat,80.16617697520314,70.62433766224359,76.81729392132152,77.84853821453703,,,,,77.68729649601325,130.62729777227102
squat,105.04815095372683,89.00987085390821,99.70686643817645,95.31365409167678,,,,,75.65626835987908,136.0390410056727
squat,144.35866411595146,123.33918801500029,123.83282937316801,120.98514232081754,,,,,71.3976387500394,167.65310592521743
squat,164.43989079442383,147.25861286687575,137.21747011452686,131.07259490864755,,,,,70.55907491275832,173.04485998179692
squat,168.4873532801277,175.53325066029691,141.71642401384344,148.32858431549684,,,,,72.03551382600841,178.77024390973534
squat,173.32285643449944,177.48667235365932,143.04513013229467,153.45053034148088,,,,,71.00033348397287,173.4280948098
squat,171.07132925693142,174.2685666428046,145.42076859090437,153.0754400815546,,,,,69.5411376056227,173.22964052473188
squat,167.0571068510823,164.42221360031434,145.15174813318797,161.9553987689083,,,,,69.9530303181204,160.79348786477038
squat,176.550343225776,166.06960966821168,147.14817836461688,155.48942444583378,,,,,70.52291360851808,161.06890795898587
squat,179.86376829305328,169.54659209392236,146.67098809258823,157.32134141541493,,,,,70.27075386641867,164.58668188115
squat,168.5271424248664,172.1376847443972,143.70636334345204,156.77943377881016,,,,,69.03045461824851,179.84985643655926
squat,171.42114002049507,172.87074743071753,147.77721583185766,155.20838860488954,,,,,69.29799731076972,174.33584942056035
squat,174.57543692473402,175.11581702528218,145.66326998228675,152.72696146467067,,,,,68.1421933548518,156.67780320504468
squat,176.550882048884,176.2050941211893,145.3366009981577,153.30339862853063,,,,,67.98661041239406,151.84289306746666
squat,174.66046930438253,178.59583738616868,145.88664492676423,152.5848210383373,,,,,69.17911542752852,156.12493731144605
squat,174.40030602146848,178.46993871860084,145.31923833338558,153.30873470124268,,,,,68.81727909749021,155.39650722255723
squat,172.54551527598713,178.34808203476055,143.95488498763723,154.05210880074407,,,,,68.48761601717297,160.11484168938895
squat,174.24640718217196,177.82540269979341,142.79256574076433,155.04783933131827,,,,,67.31205949923249,154.30410753266017
squat,173.88538081752307,176.28374842608918,142.5582432776042,154.92135974662042,,,,,67.44165630296294,151.84646715715462
squat,168.85309358062952,179.58271495299337,138.10708756044386,151.0068148576047,,,,,68.77000927535722,138.4578920117548
squat,159.56966820122406,179.84950862924322,140.51131318184858,152.70855290765485,,,,,73.36726895227827,176.94901426045752
squat,160.97529161993344,174.09485772038764,146.4814635622866,150.97678563950558,,,,,73.84174062964574,167.39115848768827
squat,154.85366752468386,170.86094398249625,142.3609154063185,156.8616889289782,,,,,73.17917812601662,156.49607041999388
squat,164.20826424592238,176.85594486840304,146.00101257202897,158.00837195034663,,,,,74.18483069146409,171.28365203823668
squat,168.56039600282566,179.43916824550342,144.43195121105947,158.58865521070524,,,,,70.2372179210235,176.01030578355324
squat,161.83689162199653,176.56643059081875,138.77937850494013,162.90587007474838,,,,,68.7380121484314,168.58422997310083
squat,148.25368645033163,178.36058732575023,127.38743285218636,165.5539988795902,,,,,63.91277310082234,179.7049707645622
squat,148.3505617433783,179.79769016242966,125.16854695421192,164.8733354775557,,,,,57.33781037643852,167.88864630174817
squat,163.92889058764393,174.24345446408404,139.25689276145366,153.0846261642888,,,,,55.02272400129765,164.50650902863015
squat,162.62167293207574,176.32571978274098,136.54484615818416,154.49943349453696,,,,,52.10285057891758,161.24045801607988
squat,131.68007202552482,153.64757762663396,112.17775800575951,147.15491269166253,,,,,47.880087291983905,147.9557330511324
squat,91.86967560077838,129.47430077662128,88.17658998735389,136.88222250343443,,,,,54.825955171333995,
squat,57.0481848129946,102.37268168400672,84.8819720326478,155.06349829275996,,,,,59.066797992523334,
squat,,161.74327235383637,,177.7706971565794,,,,,134.423377008902,
squat,,165.8358689888432,,176.060167810218,,,,,162.9076135938832,
squat,,154.21566887393237,,172.2242835062484,,,,,136.31358754212826,
squat,,145.69847170610072,,157.41393763779524,,,,,121.81313296002261,
squat,,143.32015888184483,,146.23827527646682,,,,,122.73317326530741,
squat,,106.04032488504684,,110.29612589644918,,,,,146.13321359290666,
squat,,87.56893459300812,,95.88166747080919,,,,,138.41053142567728,
squat,,77.27543112804177,,84.19382894342122,,,,,132.41997357720913,
squat,,63.86483795088082,,76.46014499000225,,,,,108.88624862277833,
squat,,63.9605497218408,,55.86745578759581,,,,,94.34648566330895,
squat,,69.26114730248561,,58.27295723542861,,,,,102.4985202662901,
squat,,76.37199169177586,,60.91276440717288,,,,,108.24798868578048,
squat,,83.26378685376646,,63.23682190685093,,,,,106.11768952937814,
squat,,85.80407726180937,,70.63908834558873,,,,,84.35508517942473,
squat,,74.47196771080192,,76.23558735725733,,,,,147.50126645270453,
squat,,65.94363942060403,,79.67370794886448,,,,,113.70065835534348,
squat,,86.95919367691702,,89.93006568898619,,,,,139.71175530965724,
squat,,103.82574477000097,,104.27327632367337,,,,,169.0063106876567,
squat,,134.02724903182863,,138.9253139310235,,,,,74.02126891348533,
squat,,137.0338674953933,,156.86259792712136,,,,,121.48557224613374,
squat,,131.91750216750611,,158.21206331540284,,,,,92.99493853668777,
squat,,154.04282895387885,,177.4308987455469,,,,,89.63802628556223,
squat,,162.77303550341134,,171.56715889779312,,,,,93.00926857985311,
squat,,171.64105881040845,,171.9217045486677,,,,,96.80992398103969,
squat,,164.55234708349712,,176.04864510455388,,,,,100.61923605964932,
squat,,164.33253542275202,,171.2195524250042,,,,,105.26623940622567,
squat,,150.30503089206707,,163.44690730378096,,,,,125.86825717310053,
squat,,160.48973085889514,,163.01711931259194,,,,,122.57593868819465,
squat,,159.07053458849845,,158.44198133904018,,,,,116.03388397441752,
squat,,144.13820520481232,,150.54220553191445,,,,,117.30285896089345,
squat,,117.40597594514544,,123.12089268957246,,,,,123.94661380678015,
squat,,82.5012000729533,,98.54130457392844,,,,,126.44646813393285,
squat,,67.38989858686892,,90.26105897239167,,,,,96.67573280167367,
squat,,53.5954626535167,,74.2999183436341,,,,,106.36227973125963,
squat,,59.180498684147636,,66.00105029109791,,,,,91.13188181446617,
squat,,58.9290028143367,,60.89510077218909,,,,,83.11678422011548,
squat,,68.10272976096363,,62.530650315202465,,,,,82.34366957606402,
squat,,73.10806123207297,,63.8211141662435,,,,,88.04733905493929,
squat,,76.58194883911086,,64.17367072651741,,,,,81.35254961357276,
squat,,74.14679712807717,,66.79294570707393,,,,,77.49410812854157,
squat,,60.34607834986463,,75.14772152076898,,,,,101.22032546604082,
squat,,60.69219019344793,,78.12115527304697,,,,,113.57024773620759,
squat,,128.4037528877078,,144.41187501146104,,,,,104.28185008347823,
squat,,143.05471286588258,,166.4782804208883,,,,,120.21993750356906,
squat,,153.2781505257209,,176.75939638554223,,,,,80.24726400109395,
squat,,156.9494200390711,,161.7455182813537,,,,,88.17358822667848,
squat,,149.93898494928973,,170.7967529659733,,,,,106.4769287068044,
squat,,143.90132660702318,,175.3512587166578,,,,,102.90568440475721,
squat,,103.93967450980395,,144.00993916022904,,,,,107.94466551804624,
squat,,109.65313084872898,,141.33973067113226,,,,,113.98218599862933,
squat,,149.73383653398668,,139.71925390036563,,,,,84.57842076366022,
squat,,169.99245352834336,,148.61023828656712,,,,,76.7435570735867,
squat,,178.42993389363275,,149.40979325919434,,,,,74.699963808871,
squat,,171.96473795152733,149.57185152387393,149.31981488915184,,,,,72.87321323506114,
squat,,174.4752777852472,145.4609618687732,150.10842558502608,,,,,70.16969217664449,
squat,,174.2018973697478,139.97359987324228,153.067962540422,,,,,66.44819206939411,
squat,,167.79204680725454,141.60401457914475,148.3476621162534,,,,,67.7084237836105,
squat,,174.37165032746648,131.179301225396,142.25596121177088,,,,,64.6387959742334,
squat,,169.65083799731602,143.59030270672562,137.56117176516983,,,,,64.72979003512526,
squat,,157.35678168180272,144.8097569275797,131.3116689886081,,,,,68.9106586681091,
squat,,157.00559213795663,161.43932828915388,132.3158343070001,,,,,72.07959551142379,
squat,,152.50462614746354,171.00156851297,130.46347060293863,,,,,76.11864141292003,
squat,,,172.16333978146636,136.88630490084873,,,,,78.42692317665265,
squat,,,170.74587624165915,143.13937253493933,,,,,79.79986650781065,
squat,,,175.6139811182628,142.83114811767734,,,,,80.95409268669351,
squat,,,156.74911106787502,137.97177222275332,,,,,80.69371106393844,
squat,,,151.22266064802002,138.89349092466657,,,,,80.21469592934655,
squat,,,158.0935724417702,138.3490663937522,,,,,78.86247408474388,
squat,,,144.7057332881911,136.20984430500417,,,,,72.72646419433944,
squat,,,140.90304720353302,132.60474838999062,,,,,72.30906619846326,
squat,,,140.96633683626814,133.4847875543132,,,,,66.49952366750145,
squat,,,140.2020620754177,135.64000894314168,,,,,65.99866869561919,
squat,,,140.3194987910181,139.15649999389558,,,,,65.34392270971894,
squat,,,141.46132143710042,148.10366198614315,,,,,64.84903967161904,
squat,,172.7537855032405,140.19553855940867,147.41710062558056,,,,,64.4412244932342,
squat,,170.91623641039322,136.33809783035244,150.909808050056,,,,,63.642752863324915,
squat,165.88180779958282,164.0573370693331,139.3277303083122,148.7421745195959,,,,,65.64434666044578,
squat,163.12413561991573,163.46459026493054,138.06882081876782,146.2620815131608,,,,,66.05031255462328,
squat,161.60757869898646,163.10618478242017,141.20631490682322,143.08617471119152,,,,,68.49188504773437,
squat,163.62387278932886,163.28431261980074,141.25268162786156,139.50657695279472,,,,,69.65357899326801,
squat,174.48836002844797,161.82305709140653,152.131809107972,128.92605299699167,,,,,74.92184281506401,
squat,,156.69988860889933,151.0740695860555,130.79455505389097,,,,,76.07003602029779,
squat,,144.68909461743246,155.76976647163048,128.97655479532006,,,,,82.11450535192147,
squat,,139.26303514326685,147.1089401574091,126.22075403524133,,,,,82.25316229545676,
squat,,,161.0093579046477,132.72310498612677,,,,,81.9210253390859,
squat,,,170.0019083553823,131.46088769126158,,,,,82.03452397043806,
squat,,,162.3306639338753,132.41389962799056,,,,,82.46368183097579,
squat,,,163.43853129707114,129.89714042803817,,,,,81.84766642057544,
squat,,,160.1525071188027,132.01449455206134,,,,,75.88558535098213,
squat,,,144.64394947411103,133.71746630234696,,,,,68.41054258174961,
squat,,,139.83504763060907,141.44978381766933,,,,,63.484940288714675,
squat,,,140.05992756708292,142.61870738160673,,,,,63.102654659285584,
squat,,,140.78585041227308,153.23499671177066,,,,,62.895422578923885,
squat,,153.89933468722307,143.13515310967563,162.84505002179077,,,,,63.950660723272605,
squat,,148.15098595643,144.09714668077976,166.47824329312115,,,,,63.772263590517085,
squat,153.88041962567985,134.0020159051583,134.49247346349352,171.09905094329946,,,,,57.09633199103845,
squat,154.94752720282037,125.56673092867418,132.80832576322982,158.75608922314586,,,,,55.49201798109614,
squat,149.0764963700791,,139.45483610561243,130.31766059133548,,,,,59.56979724597504,
squat,140.6758420102238,,135.51677900177367,144.2234978478017,,,,,48.41899403106781,
squat,126.08500432811107,,136.6433302254272,140.29742835421348,,,,,29.699319230161972,
squat,137.92778155795799,,157.99739608445,151.85794476156943,,,,,70.45502886884937,
squat,147.69024058145175,,160.85255763257328,161.68888815426803,,,,,82.58978033236663,
squat,159.82716107356947,,169.87044734952323,162.06188265200427,,,,,78.88193904393111,
squat,173.89238444897452,,175.9647419604064,157.2430974095667,,,,,65.32359170363384,
squat,159.01247424523658,,146.09682061773827,132.70875085881673,,,,,36.99635042631918,
squat,142.92050047562773,,129.70046784212994,,,,,,47.82577435313811,
squat,115.47423416753955,,107.8689397194741,,,,,,31.80558125501087,
squat,89.65560187416162,,92.78347961278877,,,,,,27.685631191728913,
squat,58.773745438718365,,71.49869283260367,,,,,,40.45043962414122,
squat,45.060285981444814,,56.3829868788123,,,,,,92.75312290945561,
squat,43.85912030077976,,52.14945847179575,,,,,,97.45923112205807,
squat,54.056914985437324,,57.9256820700535,,,,,,87.60938510268247,
squat,56.28752246678186,,59.34049595843057,,,,,,66.83871248843306,
squat,53.51218585535707,,65.55339532713313,,,,,,38.87498887324603,
squat,44.90403827192588,,73.92305384627265,,,,,,117.0644878047866,
squat,34.06017191520294,,64.96712765611845,,,,,,124.50472311247178,
squat,47.13395675198613,,67.84196359742792,,,,,,112.5952655714274,
squat,83.51041457069326,,94.35917993993581,,,,,,104.37750189177682,
squat,90.47381823128285,,106.6202780031299,,,,,,77.89780966912853,
squat,133.2081469435244,,124.68414720756927,,,,,,53.92179772332754,
squat,142.62261001289428,,138.6096344237236,,,,,,54.64157386475535,
squat,154.90856344143,,154.4290828118927,,,,,,71.77488929831708,
squat,167.0422167184268,,168.259769830576,,,,,,20.147636234380883,
squat,153.2363332172426,,153.80750878878183,,,,,,29.22884805902417,
squat,153.09105060009557,,154.08751420037572,,,,,,8.793012928569626,
squat,177.86427398631434,,160.45269857851596,,,,,,74.85608942603538,
squat,151.77292851375512,,123.84196650199765,,,,,,29.550275475971485,
squat,115.23422649972794,,84.55856145776387,,,,,,107.33498473600153,
squat,82.33588957016308,,72.6012438330145,,,,,,95.99047128301741,
squat,57.70405799844438,,59.7854905604953,,,,,,100.19836279477299,
squat,51.84840895554813,,54.58972872577814,,,,,,88.57822922384315,
squat,67.86261790482062,,59.000973400068716,,,,,,87.46918652495447,
squat,51.19050399047579,,77.1380361030826,,,,,,80.42619133379077,
squat,87.93794281274131,,99.65703998239566,,,,,,85.70045937922286,
squat,110.50111091736984,,114.1836738054118,,,,,,67.33711217057042,
squat,134.13948629623053,,129.75892438110054,,,,,,85.8481579109058,
squat,159.02812202490395,,159.0519094847927,,,,,,79.44771265530579,
squat,154.59324851895806,,160.81304306841778,,,,,,72.98260848392677,
squat,147.3758040065732,,160.93011240709242,,,,,,59.45339261148762,
squat,151.09296696948138,,174.45125318613339,147.4429123101597,,,,,59.53350392341237,
squat,155.3544185713208,,178.17288180262855,148.36095787428386,,,,,57.46130220196064,101.41992407488208
squat,170.61619029514915,,159.81070327931437,153.08179409243712,,,,,55.911022584176514,103.78196116229584
squat,162.1625140006863,,154.81707275676257,165.3031579923767,,,,,60.77428889738194,100.65372850945334
squat,158.0826774903063,,152.7198046702713,164.51399738206484,,,,,59.991497572050086,95.47496883171239
squat,155.04361623267698,,158.9220886267443,162.85337987181782,,,,,63.104837859582304,92.71154181106064
squat,140.86613437521268,,177.25321568355437,148.0035961878009,,,,,69.3242214885525,106.04250150894387
squat,134.345974699731,,168.52706122386297,146.39076073834173,,,,,74.28118856636937,113.39357988614627
squat,164.8639031226709,,177.80107601444664,155.87329428567895,,,,,77.45000252769094,158.53138897544633
squat,173.94351514785774,,168.03708062204132,140.23865440262006,,,,,79.17759743712067,169.2506602064514
squat,151.67823321743268,,154.651649568728,146.1168532059763,,,,,74.59118533997363,157.8592520745547
squat,174.28049279944557,,164.92179234100848,142.3407312508296,,,,,75.55395803012499,163.05184994974675
squat,172.4942664051963,,160.04677517930432,132.68673487792793,,,,,70.60891138240608,167.8968342893745
squat,127.5794472534798,,129.3320919422729,134.73329924460884,,,,,65.53192845967685,
squat,112.16992788958741,,120.14504078582681,139.9982043694848,,,,,60.55395476128582,
squat,179.26094680112865,,168.66379558243565,171.62694213879467,,,,,89.61223117372964,
squat,179.7038855016777,,169.15005539693468,169.16194477685227,,,,,90.97166646118467,
squat,179.87486546843417,,167.46406362580586,171.15996936273524,,,,,92.40221883759905,
squat,179.32366747704367,,167.7669219907803,171.75795882627534,,,,,91.04274041857714,
squat,177.5804818982185,179.25939613338193,168.87615642720667,171.88340143690013,,,,,89.28649454486737,
squat,178.70759249285706,179.59796508548507,168.6055289716096,172.2832765899144,,,,,88.99461847581517,
squat,177.67137455312695,179.05700322245735,167.94455427349843,172.1524835517705,,,,,88.59446602645352,
squat,177.53963650194387,179.35736474163676,167.5691807969778,171.34901708150272,,,,,86.47742373238152,
squat,176.35823193361793,179.9069238234292,166.38579293792483,171.49593526145685,,,,,85.47523680925266,
squat,177.39043047056288,178.35603408148782,167.71533442600207,171.12933457483044,,,,,84.41510916990583,
squat,177.65073977739067,179.35820886911586,168.1297025974251,171.3484430237335,,,,,83.75669919236185,
squat,178.25512091005902,179.94652597500104,169.65407279341954,171.07052664924691,,,,,84.0574522568019,
squat,178.91454863272665,179.63727739291556,170.86713817277283,171.12220864312903,,,,,85.42605274490515,
squat,177.80409387059788,179.94620295204726,171.12402043377725,168.83414313576546,,,,,83.8685842941885,
squat,176.18081393206455,178.1274067325003,170.52536787548433,168.63057440227556,,,,,85.55417799897987,
squat,176.71737799240782,176.70869372611074,171.2549516774209,169.38657063690286,,,,,85.29877833751952,
squat,173.00281322872314,175.77029949383365,167.51838590298158,172.88773309907634,,,,,84.56636027882051,
squat,168.440207924075,176.61047694517697,160.47951770273073,174.21738659138722,,,,,83.53111996775442,
squat,167.99215182614674,176.39873240803436,156.63602765386125,175.33325509829007,,,,,81.79670246597271,
squat,174.26469664310235,178.7659139146185,153.54876895511015,175.03710019881967,,,,,79.6481391879117,
squat,171.55957979446046,176.2218095025941,150.43537023630412,173.30200811080266,,,,,76.97394829083744,
squat,160.09710884887483,172.43152395152458,141.32108787764187,170.80736245247067,,,,,70.9390429964907,
squat,153.9920601650518,,139.21143632820778,165.63823215666693,,,,,68.91473544470225,
squat,151.03590988209095,,137.9901984761096,160.59972921029492,,,,,65.77168540986838,
squat,,177.48666261961017,170.25878097985878,170.89090616146768,,,,,91.25350372461189,
squat,178.32760997092527,176.67879133411628,170.3561564841236,171.46922186198313,,,,,91.14843428247592,
squat,179.44730274719794,176.55346208016306,170.4241995534615,171.19977328009307,,,,,90.30673120618387,
squat,179.55027717797822,176.70859937777888,170.08806796634062,171.82113300883117,,,,,89.0054384517335,
squat,178.40192293394472,177.1678898204442,169.58711996944973,172.36866839484208,,,,,88.16295744369447,
squat,176.839166079654,177.5802009952678,169.83814176737263,171.85521063622357,,,,,87.04042662930594,
squat,177.25748880595546,179.71406011076562,170.39031501183757,171.70193000710955,,,,,84.55680973962085,
squat,176.14786685953177,179.46548490253883,170.89764733453538,172.12928121825283,,,,,84.76725252014344,
squat,177.58090271961174,179.3851294891122,170.50428753505201,173.42555393194814,,,,,85.65421374158234,
squat,178.34014535021126,179.43123330314776,169.6535788389591,173.91841819070518,,,,,84.983999657779,
squat,179.10963111770434,178.65204408156296,168.1668277820473,173.78908303403426,,,,,85.19911191084007,
squat,179.17662359311777,178.5146051447735,167.45074207966792,173.31064219893523,,,,,84.03924796404432,
squat,177.9846708672714,178.90479883197779,165.84561458325504,173.40759689111835,,,,,86.30190078551716,
squat,178.5301442219438,178.96816371493992,166.84482880916946,173.62994342294803,,,,,87.66760802926096,
squat,178.59539151446882,178.2310449567088,166.67114945075016,173.80156847225962,,,,,89.79039494995943,
squat,177.55165689338236,176.27958743437821,167.56909317985293,173.7640763394917,,,,,93.76876904226602,
squat,177.25007992095598,173.9601876061539,168.6204155957928,172.92977141125084,,,,,97.00993516879618,
squat,175.0896046556409,172.50131151402974,170.54451895833986,171.4671569909264,,,,,103.67234796283401,
squat,173.6007064903205,172.5601363630054,170.21670821797383,169.8315054918028,,,,,107.48171356666329,
squat,175.3124568162057,174.25262991218224,170.1043283710448,169.5302224299356,,,,,109.7652179259492,
squat,175.59385030858064,176.8958080610913,170.57771785186708,168.83895585008733,,,,,128.74466243697387,
squat,173.30470209357938,179.9850449429554,170.9262736401744,171.84722826466506,,,,,131.95974794866916,
squat,176.58268928393605,177.20240021652597,172.54213830569182,174.68259029309985,,,,,133.52198123690994,
squat,,175.5591759964876,171.45397105676352,177.0612114591304,,,,,143.563871739981,
squat,,174.86249736214208,173.37369481037655,178.34737970435407,,,,,153.44149660830922,
squat,,174.2466700296699,176.07021946895287,179.91659168345532,,,,,167.2203257719792,
squat,,174.50716964347416,178.5462973705819,179.80225453135125,,,,,178.48935362641407,
squat,,172.16477451539134,177.61451234260372,179.88740975762775,,,,,169.04398893287754,
squat,,171.5576197206753,175.03267052749734,177.89184552154128,,,,,164.6902612508421,
squat,,168.65616989673273,172.97514573695187,173.90653356482153,,,,,168.0013306856327,
squat,,166.8350296328137,173.76787316680432,169.75241428729,,,,,165.3970809862068,
squat,,165.74500185860535,168.37897090033303,168.24938598024806,,,,,163.89849550085228,
squat,,165.24001296949515,168.36715894503686,168.72537134531566,,,,,172.05519266660593,
squat,,165.66704326472868,171.20502258195867,170.45690321751147,,,,,175.9124452281498,
squat,,168.6770200095318,169.13223964581525,171.73738039539595,,,,,171.32806984739187,
squat,,171.17372600423144,170.13950950025796,173.2610622640326,,,,,160.14352052016594,
squat,,173.1150323793447,171.2617550484693,174.20142561419627,,,,,139.6543080101477,
squat,,177.03145652334007,170.02507005641075,175.4268490624736,,,,,142.54704278693995,
squat,,175.44124104675933,177.7693861285413,168.13935402855574,,,,,112.93394176115942,
squat,,173.97726967045597,178.99875740055958,166.70052115096908,,,,,113.01613446360993,
squat,,173.65030192112673,179.55753172396308,167.13436969392535,,,,,113.26898351171818,
squat,,173.75852300626588,179.86020802318924,168.05211684664428,,,,,111.63608555865491,
squat,,175.12054534942976,178.824916860533,169.84689232296213,,,,,111.99474030313283,
squat,,175.9632091381869,177.66351506850486,170.3205174563162,,,,,111.45381060685834,
squat,,176.05726141404205,175.70048976742092,170.5793907004467,,,,,111.63159833211206,
squat,,177.935955773991,173.61772927752403,172.5444227808829,,,,,107.64924029976295,
squat,,179.03728665567664,171.0968099794735,174.35452208486052,,,,,103.49038193637372,
squat,,179.67806103895728,169.35525459945575,175.42325949865852,,,,,99.06506645457571,
squat,176.55101874265077,179.89086289293476,167.01558166146995,175.9325175605984,,,,,93.84407195355071,
squat,176.021836402847,179.40808089493635,165.71402742568702,176.67185746036043,,,,,88.53999921325243,
squat,177.52273907841197,179.33605716936086,163.99714613866215,179.2105922797621,,,,,84.66479346749907,
squat,178.96351128287907,178.86750434786137,162.97989709875512,178.72171522539765,,,,,80.4598996773611,
squat,178.98162041338912,179.47502959098205,162.68260369555168,179.63712587394153,,,,,78.03808590446094,
squat,178.87322200440983,178.36305617651155,162.13553717142602,179.6082958147373,,,,,80.55191775631238,
squat,179.6491809842379,177.08979086229755,163.3563757475479,176.260562101278,,,,,85.9119007031679,
squat,179.8883864500738,171.56661122202206,165.15716773825193,173.1153179778384,,,,,90.7913873152571,
squat,179.6286988780726,171.31776920277434,165.86280903724273,172.06054368513654,,,,,92.3591149320668,
squat,179.95980530012568,170.91212080247413,167.781471958613,172.00584134239742,,,,,97.99652187299827,
squat,179.18553594869448,176.06042300287567,171.7836440393141,175.83477792380907,,,,,111.37660959904004,
squat,173.37406573695807,171.8077892114595,179.29724900723093,174.266724218839,,,,,126.2706230257507,
squat,170.45000259407885,171.23279645544181,177.12108639496572,175.60356583572562,,,,,133.58382522009205,
squat,,172.11661062784034,175.90855005728767,176.59100700445393,,,,,138.8063074286851,
squat,,174.37889289384785,175.69030508124072,179.1477582666817,,,,,144.1461156815905,
squat,,174.07495026334828,177.2783444666822,178.60354824914808,,,,,149.05343913488497,
squat,,175.2131957536175,179.30603529566764,178.39324156317593,,,,,158.54937775043595,
squat,,177.2290049245301,178.66557469105572,177.00177396755643,,,,,167.84065060353475,
squat,,177.7869524599625,177.07788803793983,176.351488195337,,,,,175.20775276499683,
squat,,178.1614162496653,175.4008302435665,175.1521473982602,,,,,161.34785221749095,
squat,,178.54408823822325,174.63674701535953,174.3836963344315,,,,,154.21018995185867,
squat,,176.87645082394286,177.19314908876052,172.994022873913,,,,,140.27706556910078,
squat,,176.73210256094146,176.74790208126308,173.15783166031795,,,,,132.17663289104118,
squat,,177.12351461260855,170.03315981915517,173.89399120225903,,,,,126.43087280312889,
squat,,177.4797445476007,169.61671061345058,173.86708390680946,,,,,123.72377686271322,
squat,,177.9836425832688,169.19527308540077,173.9785712188474,,,,,119.10936783883884,
squat,,178.56480249856725,168.71258972781703,173.69261911583502,,,,,114.12816116443709,
squat,,178.0091555832478,168.5843174305267,173.75002736186852,,,,,110.6028475700322,
squat,,179.29895854962635,167.58108992959492,174.02694285311148,,,,,104.74452352291387,
squat,,179.38294617709326,167.55113970904114,174.24931730233288,,,,,101.53887437400637,
squat,,179.11697676831838,164.697772147427,173.12209749132322,,,,,97.37559665178671,
squat,,177.97326062863954,165.05460999772455,172.49165605777824,,,,,94.40429224550564,
squat,179.1294718013209,179.96419940218487,166.4502461080603,173.07691764113162,,,,,95.52578284398342,
squat,178.97445594170745,175.39306127741898,167.8320972874811,173.63193832882453,,,,,95.05208440760461,
squat,177.61025096732826,173.46078037831757,167.37844417192034,174.17872616171317,,,,,95.50594815173028,
squat,178.52261203703551,171.65615910730796,167.7766970369193,175.31797677312525,,,,,95.12593281620674,
squat,176.46513067233082,172.78806830290608,167.57290649921396,174.720305315849,,,,,93.96749275433537,
squat,178.71667467328612,172.49424974526545,169.5405059308969,174.5101156785795,,,,,92.57980224346588,
squat,176.27058655703917,173.71521430122942,167.84842426819918,174.98263594607482,,,,,89.88257924516908,
squat,177.95864826878488,177.00203039340389,169.35435454570302,173.28053457305697,,,,,89.25651445365156,
squat,176.35680408905827,177.27811599207868,168.60286783932648,173.90312099602463,,,,,88.5154894232517,
squat,176.74378429686453,178.28433375591268,169.40467672342382,173.99776880205354,,,,,89.28728820438423,
squat,175.17232353674115,178.4284574238939,169.29903644101066,174.1399472803966,,,,,89.12041551931262,
squat,174.50939649639653,177.77202438194175,168.82992597710714,173.22602417898327,,,,,88.03901563434343,
squat,177.06227493475583,176.74811616025295,171.60006804219995,173.4576104159815,,,,,88.50400921083866,
squat,178.6379422078838,175.14702649557657,172.56470853040543,173.43285418474395,,,,,89.05458020992738,
squat,179.23777373493337,177.78510982918556,171.90904880796134,172.37632670467133,,,,,89.3579139273582,
squat,179.74506434535593,178.0643405142439,171.42253216559084,172.00597391448795,,,,,88.74903773136715,
squat,179.40762363375762,178.32068043483972,171.04881828239826,172.01599154714876,,,,,88.80374068819569,
squat,179.65533057084545,178.7375912592614,170.21926612824464,171.975041000045,,,,,88.98997080251463,
squat,177.43582961221682,179.2799953684383,170.0517767726404,171.109395013684,,,,,91.48784441792502,
squat,178.0545880800345,179.167478293645,170.39843168191987,170.20317573523945,,,,,89.92557003142952,
squat,179.2940884638973,179.8396114964103,170.39949201532178,170.5570225527913,,,,,89.20907983590388,
squat,179.5205284134588,179.00372527424756,170.4482879802045,171.29718730914783,,,,,89.45344739161857,
squat,177.67908308775222,178.6445385271008,170.83224912439545,171.92393271348638,,,,,88.48804277958935,
squat,176.00243437382017,178.16640097529623,171.50750420618118,172.21405949986655,,,,,89.12514308838686,
squat,176.7203151327217,178.27785239419822,171.8510613151665,172.37577815474108,,,,,88.98877286383045,
squat,177.4973666705746,178.33681713885738,171.96838782862605,172.20298795653423,,,,,87.9363439710878,
squat,178.00408794248114,178.61703884849192,171.65623945477827,172.3599062551831,,,,,87.50904731030329,
squat,179.01144401171786,178.5963761140293,171.29616571703193,174.36907065379847,,,,,85.21225603926418,
squat,178.24825039697527,177.1499656068128,171.512778783761,175.41012808768426,,,,,85.36752418913207,
squat,177.61945754954652,,171.45801774867647,175.84438707783605,,,,,85.06844098100308,
squat,178.34484373804577,,171.21845481842607,174.5850048076081,,,,,85.26792336875486,
squat,177.6397768649418,179.07384969682357,171.55915623627627,173.84370493555653,,,,,84.82438364559378,
squat,177.56729645474758,179.34931231716828,171.21714183796288,173.5989401282247,,,,,84.31927205454329,
squat,177.52869662372325,179.4095373883095,170.96838104822803,173.6017974687809,,,,,85.04073691146942,
squat,178.31171203421385,179.47534889701507,171.4740779070437,174.40052913415226,,,,,86.28407080702114,
squat,178.72556852509558,179.72501636401904,171.5639322073978,174.8152139904581,,,,,87.75945861327072,
squat,179.47188395889418,179.70378413815783,171.61458386577584,174.8088044287944,,,,,86.99355095666921,
squat,179.2817289319423,179.7903343098079,171.70248961220253,174.8786584030637,,,,,86.42805077090522,
squat,179.9098412213726,179.61897873988792,171.65060966135155,175.23836584871628,,,,,86.31992813696306,
squat,179.87321052489986,179.3120196052408,172.06224293498232,175.35754381260358,,,,,86.31230594154098,
squat,,178.57743300546753,174.04028989960165,175.3393858559673,,,,,87.60324121861683,
squat,179.50461858594227,,174.27217493598476,174.8432863736515,,,,,88.92938139857937,
squat,179.6272160770251,176.8369644883703,173.66319838544533,175.30965549388526,,,,,90.89845941447412,
squat,179.76384680483335,177.23406716769554,173.4607335490571,175.6125475355271,,,,,93.11324731856593,
squat,179.6460303567321,177.11571443788415,172.81264391515847,175.89321670542338,,,,,93.27041472896174,
squat,178.63556517003988,177.31380051055362,171.7624767672173,176.33036183460425,,,,,94.03040996067402,
squat,178.0128605859473,177.87520818486945,171.1481754536194,176.54274917121793,,,,,94.05004830248309,
squat,177.40157169099572,178.75920634672707,170.88308079299284,177.05651446491498,,,,,94.10337173117719,
squat,177.06443431730918,178.93614762578417,169.9770715239716,177.39372859657553,,,,,95.23536306589571,
squat,176.486652395101,179.5629707765135,169.5474762861183,177.05465604924606,,,,,95.3576182460744,
squat,176.93007091642903,179.90646340744357,169.186548703236,176.25894498338388,,,,,94.34837657383345,
squat,175.9778603760433,179.4654421563798,168.92677058809707,174.99093608510353,,,,,94.29877113867052,
squat,175.97165022401268,179.21146746438538,168.97186809319888,174.12973083957544,,,,,93.95595938905666,
squat,175.55000020059177,176.95176863752252,168.8469055537076,174.28199400388584,,,,,94.59208583885791,
squat,175.72351698469754,175.30140310286285,168.35124924619274,173.7563447942006,,,,,94.26521334403553,
squat,179.51404479210893,178.00904129164158,168.82369933810293,173.16354338418992,,,,,93.71773510226453,
squat,178.05174003412503,176.4129326841218,167.52892693431727,175.63867501943184,,,,,96.69135904696486,
squat,179.87640155750165,176.50870222877487,165.79663682751797,175.86591188934466,,,,,99.45996565214506,
squat,179.21360443719064,177.92511724129778,163.38242107091614,175.3435851021189,,,,,95.85228860075158,
squat,178.86960213543142,178.73254095240404,163.52566546912752,175.13460559370523,,,,,96.49007840720212,
squat,178.48008546489518,178.1694018774785,164.49322434501246,175.03723547345825,,,,,96.07074770232101,
squat,175.92976422542912,179.40049720303517,167.70195239892516,174.12080271232952,,,,,95.26256068380702,
squat,172.2109847595544,179.77715886781434,168.0397160235792,173.9988454053095,,,,,95.082729209525,
squat,172.42287570176683,179.37705197781517,168.06201910135806,175.3418381583285,,,,,95.15871690335203,
squat,176.22851295060693,178.41534055361006,170.52789368431252,175.98630165023758,,,,,95.83903987859016,
squat,178.19905530865276,179.08365984198042,172.65153806448646,175.5675622745162,,,,,94.93728214474606,
squat,179.32888044044145,178.96795813730066,172.9607419170458,175.09808077934466,,,,,95.89498643359322,
squat,179.54268933723898,178.98599114152094,173.5024246059929,176.33610950846108,,,,,97.0787754350485,
squat,177.5509968767307,,172.9790942733425,176.80162517409798,,,,,97.53180513954743,
squat,176.12025312523983,,172.21589248712235,177.3031939381959,,,,,98.43721551991446,
squat,177.38393392712513,,171.6980502509788,178.2524952245935,,,,,98.08944786222482,
squat,177.14545139426554,,171.39897202679344,177.87278041902863,,,,,97.36944813606347,
squat,177.21164907484462,,171.72545781018837,178.17522534774793,,,,,97.05956323842248,
squat,179.74464383043423,,165.08988645203453,175.98614223029531,,,,,99.78504311325435,
squat,178.12452270275193,,166.5474379464422,173.57257760920655,,,,,98.48841064623429,
squat,178.15350544044395,,166.28954664725848,173.5714019010724,,,,,95.44991284942161,
squat,178.86733765733476,178.49778988695527,167.8578524713536,174.01928537287813,,,,,92.89927981254581,
squat,178.27719422358638,178.5475194021736,170.43757533560228,173.47722241465863,,,,,91.93630274906269,
squat,176.91215567883876,179.27597294282282,171.15067616319922,173.5578940887305,,,,,91.91052870575439,
squat,178.6411780582334,173.15243032427637,170.27960388003734,170.1939653537906,,,,,90.71893400005189,
squat,176.73481183639026,173.11840638860076,169.20876091579248,169.99586174674616,,,,,90.63126448947526,
squat,178.143009082262,173.8052892273552,169.69782174325223,171.0198339102139,,,,,91.55000908647828,
squat,177.60387369533768,175.84189051255487,170.08465886184294,172.09381473981546,,,,,92.5174104423593,
squat,177.2121553684291,178.10859245590905,170.92271965833217,173.12616919601848,,,,,92.35818589882965,
squat,177.07213330040267,178.5832228298773,172.00518377662607,173.13168107688637,,,,,92.46774159394157,
squat,178.22091007267173,179.06413441432105,172.51593907383406,173.29337023865617,,,,,93.66473420142854,
squat,178.40533075474426,179.8757393656576,172.56349860750623,173.61810549266116,,,,,93.98444112691293,
squat,177.8859003815518,179.1624033883396,172.07746875650037,173.32996131149187,,,,,93.59141109243828,
squat,177.3816204868279,177.84358506206067,171.83343446394522,173.25440415487174,,,,,93.37098379664691,
squat,179.21754128114907,176.9466917903136,173.1883194407914,173.51282855670678,,,,,93.86864783145758,
squat,179.82187439343542,176.043979662669,173.47103308204282,174.62300831618012,,,,,94.00639922070627,
squat,179.36819436872565,174.94712683721838,173.07457187947387,175.32957175624455,,,,,94.34912653910146,
squat,179.29435414289358,174.37155012213125,173.0013018065637,175.55628325410507,,,,,93.37093261532871,
squat,179.39372023787598,174.25890969212517,172.92155443091025,175.55526538106696,,,,,93.28013260692946,
squat,179.22388455103408,173.82003434625648,172.8129300166314,175.750747750206,,,,,93.56408113642318,
squat,179.1956017397296,173.98214606137657,172.8540278730497,175.8415299464614,,,,,93.77572039878827,
squat,179.37493456227963,174.27680497031042,172.82386236477532,175.87574874105334,,,,,94.33071287950878,
squat,179.43697787347693,174.3862312850597,172.91494273822508,175.72096742243733,,,,,94.76691278525644,
squat,179.0907381360978,174.36792413862034,172.8252780866897,175.78531487859533,,,,,95.07049437023305,
squat,179.15191411843452,174.60349673166405,172.6056954984819,175.77083637069094,,,,,95.2144804057513,
squat,179.1701216506119,174.62085040849118,172.5316051288017,175.75715289551616,,,,,95.31880227643342,
squat,179.15581338254196,174.90644653585025,172.34147579911448,175.66730231945348,,,,,95.16394054198577,
squat,179.0618395909339,174.92421133467624,172.29599762585997,175.65272871790248,,,,,95.1955124500301,
squat,179.32150042932443,175.21940165007723,172.31387723595873,175.63366914370275,,,,,95.3536453599721,
squat,179.73556613098705,175.32406769894783,172.36389211160585,175.5897908566836,,,,,95.04398807977914,
squat,179.76135017330708,175.72534154035594,172.34004618258325,175.58103622018206,,,,,95.03156716826712,
squat,179.80442958417638,175.70656156463164,172.29440378860878,175.5937886694875,,,,,94.96599581683657,
squat,179.72031029833772,175.73856350360373,172.2687443762148,175.53938338907355,,,,,94.22045127536482,
squat,179.24841053584598,176.0191140209083,171.84759903033878,175.51197583556305,,,,,95.5064688099249,
squat,178.9508291802852,175.49073635619374,171.68853905427162,175.64872623910222,,,,,95.8223828807786,
squat,178.7097020001544,175.93467101189447,171.5649756215798,175.69611757943483,,,,,95.90597223894525,
squat,178.81442019331496,176.1152194373817,171.4523811216149,175.76830865584864,,,,,95.85056837678187,
squat,178.87230919362605,176.05923640589415,171.46768807932008,175.7540180503252,,,,,95.6125974327026,
squat,178.35935435654272,176.14427580796053,170.88419068220404,175.95175487514004,,,,,94.04204226943185,
squat,178.42537258022787,176.50648586390142,170.80876966752064,176.00062766365215,,,,,92.84814239989377,
squat,178.33022534410534,176.677751958551,170.73313595783114,175.92439292047138,,,,,92.75038317074345,
squat,178.27077716374427,177.18246244074908,170.67973495771355,175.71178590566058,,,,,92.43051203790516,
squat,178.24455081644913,177.96677574408884,170.62442842065516,175.6140664283811,,,,,92.32220716165934,
squat,178.26952670051972,177.9501037560716,170.716795419125,175.5073734355974,,,,,92.2466280902071,
squat,178.16222680324628,177.8412364474877,170.64261353856236,175.47848124816107,,,,,92.2724216824821,
squat,178.06549723459307,177.97438492788893,170.43641692008643,175.45576704228745,,,,,91.83475834555708,
squat,177.8469062052214,177.98884945441807,170.2510733148534,175.3439948841612,,,,,91.57212174439648,
squat,177.50190957139432,177.9979264139989,169.9683001763091,175.33874219609658,,,,,91.4448629831837,
squat,177.2668667869189,178.06159878866893,169.707991774062,175.32624808173375,,,,,91.3183460447203,
squat,177.31211837341976,178.21224332090023,169.71483967078814,175.2242354500316,,,,,91.17927238757665,
squat,177.37335692250295,178.21563823504923,169.78338353157167,175.09722414153165,,,,,91.1530164448816,
squat,177.4511457547331,178.18274209969425,169.90295863058313,175.00414939762712,,,,,91.13668674735443,
squat,177.48228863257935,177.8221067042366,169.9611773916711,174.93517154841635,,,,,91.16977210936503,
squat,177.36250473211282,177.89790434034296,169.9851375461214,174.8976330706352,,,,,91.14572768865052,
squat,177.32071893927028,177.88636794252267,169.97353638630182,174.90193146055807,,,,,91.02974258130966,
squat,177.46310272775256,178.24253745765387,170.16119261528902,174.86412510702078,,,,,91.20936312092697,
squat,177.53657914867642,178.25387274923085,170.3628575583836,174.71676369315549,,,,,91.39623446593346,
squat,177.58929073474565,178.29074027627394,170.4503030881484,174.5924041020641,,,,,91.43851066881325,
squat,177.56863044398213,178.2185987285629,170.49929859820742,174.5425522150085,,,,,91.46196854510126,
squat,177.6379716230581,178.2174379385096,170.69036265352597,174.46765575998742,,,,,91.74413874486586,
squat,177.66811526307606,178.28310725449202,170.68879990323381,174.39239831134128,,,,,91.70414517004292,
squat,177.6978243237315,178.2787778651642,170.57940232363396,174.40061134599634,,,,,91.61001315356533,
squat,177.62799287217183,178.11674612925864,170.61323503600605,174.29164506441577,,,,,91.70044550464968,
squat,177.5469348294851,178.0429535301637,170.51877188309066,174.17776969053457,,,,,91.80976079968949,
squat,177.57892917989662,177.96804141535148,170.5345639377322,174.02489629004012,,,,,91.8526619899347,
squat,177.53252026078312,178.09080480088278,170.43122238530674,174.02944959017512,,,,,91.79795562307847,
squat,177.36750675663774,178.1491054128662,170.4272126577111,174.03119099592638,,,,,91.97019257692465,
squat,177.3239139996204,178.17444956643683,170.30580871865584,174.0627152830074,,,,,92.01211591451397,
squat,177.20630860311795,178.30259583502811,170.2769714457184,174.1021997003966,,,,,91.88463367273037,
squat,176.94929363339597,178.42762829048795,170.11397142182955,174.1274917097404,,,,,91.97249545552161,
squat,176.89412725970138,178.65524402327222,170.30939581855216,173.99773772941734,,,,,92.78752481512278,
squat,176.96515641813832,178.66184117944454,170.44980966765445,173.91355138260107,,,,,93.00898518880163,
squat,177.02691143627666,178.75400060599725,170.61174559314034,173.9348354718919,,,,,93.42036162618106,
squat,177.06523220447886,179.00956004364198,170.51566608489352,173.8801556308363,,,,,93.50567861249971,
squat,177.09566080501872,179.14372620331443,170.46536620330033,173.86569333726695,,,,,93.91185245602202,
squat,177.17215564537898,179.11442072019025,170.51150869439994,173.88989092964172,,,,,93.71271030593333,
squat,177.3527906103289,179.06811048505043,170.47638117698628,173.7426556498353,,,,,93.38607921332108,
squat,177.25810575535246,179.36180205169956,170.45709828717108,173.68692970418024,,,,,93.43452271527289,
squat,176.97909803276582,179.4547333814024,170.38478114929094,173.60631953461146,,,,,93.34853076164923,
squat,176.51089423964643,179.2783595374038,170.3922619016953,173.595736178315,,,,,93.48100190062884,
squat,176.5328518392687,179.93256863439544,170.42102815960988,173.74876313735714,,,,,92.19461995740785,
squat,176.30983557675728,179.99925296952614,170.47940683793541,173.74693554865448,,,,,92.27675391015964,
squat,176.17802363840627,179.95056214870954,170.50101160814987,173.72983532201533,,,,,92.38188879789261,
squat,176.1900533365959,179.80626960890788,170.53094564017653,173.78220577038198,,,,,92.0399750241473,
squat,176.06075401850066,179.86456121326384,170.50162382102354,173.7199002133598,,,,,92.73064249056767,
squat,176.03341576901937,179.96488263407792,170.5014801378709,173.74632884053477,,,,,92.98562843847597,
squat,176.00156225794484,179.7057905125297,170.50883577696513,173.81555345687542,,,,,93.01392539078608,
squat,176.08816568757553,179.69008602203408,170.4571887112123,173.88362874809255,,,,,92.76497428209713,
squat,176.0694573415241,179.24638953988662,170.4512971027528,174.05316204438648,,,,,92.72330862881921,
squat,176.13214355368302,179.06388651033998,170.430078898155,174.09972613409425,,,,,92.49843235320556,
squat,176.27657847934483,179.4525458908575,170.4022509461707,174.16438561163318,,,,,92.54782226097345,
squat,176.17876745033593,179.74322401839538,170.44567602002365,174.0882534059793,,,,,92.45338705109499,
squat,176.13528383473528,179.7790450412814,170.46593934584246,173.98682040489237,,,,,92.31488838449346,
squat,175.9730583744616,179.65334142875113,170.38714180611186,173.83934935926257,,,,,92.08467478145248,
squat,175.90020683800316,179.68505430489137,170.33965205384254,173.8323564562032,,,,,91.47394151589813,
squat,176.12374188959998,179.8255524465931,170.443178523111,173.6976188493756,,,,,91.72726946335635,
squat,176.1959745894307,179.62561137890663,170.36036175575637,173.6185347695562,,,,,92.02066620522717,
squat,176.3328263727162,179.78198720747454,170.19742733362946,173.55705049652533,,,,,92.04354109356593,179.33267442524834
squat,176.44482818592343,179.84683719937576,170.24687592443425,173.49384490853137,,,,,92.03769164942237,179.60700206813186
squat,176.46167220746793,179.87064596907896,170.10125923296047,173.50597385537267,,,,,92.02545740727925,179.64992208782982
squat,176.4760622327328,179.94833881159573,170.09188647011914,173.5899470513853,,,,,92.31843819101555,179.70083696939733
squat,176.5173821519071,179.68070166238797,170.05717185536668,173.59522467712435,,,,,92.2914761615662,179.4748628325267
squat,176.51166938588116,179.61850818587865,170.15855209608964,173.59322495614956,,,,,92.47032785300846,179.11474630207022
squat,176.5014081074474,179.62016239138472,170.0706620650819,173.60872874142316,,,,,92.3126026230343,179.15708448862955
squat,176.44786206789303,179.67435659992572,170.10407062801477,173.6790685938513,,,,,93.14401833860177,179.39517850209396
squat,176.47531757128567,179.64053996950585,169.99484214422586,173.80209678090756,,,,,93.21102612835445,179.40198022049358
squat,176.41124146646303,179.3073176110431,169.97587604471047,173.8243132222542,,,,,93.18953036838562,179.41848907549945
squat,176.6042249406577,179.40584000948306,170.05262935611742,173.8965569642931,,,,,93.26429765619591,179.16185492089448
squat,176.56821465378593,178.8298737853233,170.06465867910904,173.944350758399,,,,,93.74437772108014,
squat,176.5121255229969,179.00102578660167,170.10244545438667,174.11673911683465,,,,,94.52311698598565,179.07071518573275
squat,176.63607411873954,179.00128451260898,170.11266472155242,174.37534237235613,,,,,94.292017091673,
squat,177.0891582585726,178.94256778672246,170.1465967115012,174.380096824571,,,,,93.3662040863461,
squat,176.92537784932387,179.27451124879573,169.7182360721072,173.90036919231383,,,,,92.2864419703821,
squat,176.94735845982217,179.5127226380919,169.58399437606317,173.8415334849691,,,,,91.73247638687971,
squat,176.98938027607906,179.7549608043004,169.57685021484525,172.98646947049716,,,,,93.2825717542703,
squat,177.05465369723754,179.64197578487847,169.2113229516004,172.51498804431745,,,,,90.98477332777787,
squat,177.47630063454443,179.8411349035652,169.01728031425367,172.20434504160687,,,,,89.38553062966314,
squat,177.50391738449756,179.3047130649906,168.68126347344864,172.00558844923918,,,,,88.879363399621,
squat,177.46029597673729,179.23845982727968,168.2441900812579,172.08364633964203,,,,,88.15647189114117,
squat,177.09611281412856,179.42747620509587,168.0059569040111,171.87922646774052,,,,,87.58100256585963,
squat,176.65123569204755,179.57997613072803,167.74162075239505,171.80746728082428,,,,,86.83903108661939,
squat,176.58473047454032,179.66643287195657,167.82788886281608,171.3278813020376,,,,,85.91946278308444,
squat,178.23029968521698,177.72736646089382,171.9294136070538,172.9653285686508,,,,,86.85432091899003,
squat,178.28812627977402,177.56611745009658,173.9402531320269,173.34814945625223,,,,,86.83970546641119,
squat,176.50941933160334,178.96464180456363,170.46493002565347,171.4025790621752,,,,,88.74818939314075,
squat,175.2421616051411,178.8722147986738,168.88423212776132,169.80324795836714,,,,,89.83692403788415,
squat,176.0065583605225,177.2804946615863,168.3615226594419,167.09687854037008,,,,,90.43361032375864,
squat,174.46779414500065,176.73618412201654,166.69592593739014,166.17621304849393,,,,,93.24537164639418,
squat,175.01553007616758,177.30510736097403,167.17637149627905,168.20804577414026,,,,,97.653683370016,
squat,177.28635304264452,176.50689907397089,169.98310403431938,165.2619692001203,,,,,100.99611869487629,
squat,175.83782461151972,176.46399745865864,168.33664631773888,167.25304307092168,,,,,102.53879931048185,
squat,177.97624814692264,176.33131499177017,168.7756294789375,168.21049428705956,,,,,104.80495881579608,
squat,178.12636314527026,176.87049267848295,168.0059308053433,169.90707069952686,,,,,107.3125167389265,
squat,178.61078009236445,177.55107272910345,167.2555007266202,171.52492775163978,,,,,108.3381458588942,
squat,179.57351756181114,176.76996738563156,165.33339812040873,173.34366428594473,,,,,106.64135349713028,
squat,178.21042546196418,176.42319489872202,163.31027368554524,176.14985830210352,,,,,105.87730326877603,
squat,177.19674342120172,178.71569740458574,159.0837150282948,179.61774227064188,,,,,101.37678362324039,
squat,179.31374338236384,178.0875985532044,156.4729538457281,179.04143885845608,,,,,99.44551425414389,
squat,179.8233327643612,177.37816273087688,155.36340603671374,179.37857832338912,,,,,99.5420934377069,
squat,179.02279623058456,178.69896523429,155.20417498287304,179.99687670555383,,,,,99.27370031354305,
squat,,178.34748235586204,155.94436451790904,178.31636880548393,,,,,100.78361199151652,
squat,179.7062982193159,178.2520310720318,157.84405908369294,176.95903362623565,,,,,102.34674258739345,
squat,179.4597694746513,177.36500724266065,160.12684767241834,174.4645131987967,,,,,100.40334472764629,
squat,177.41080510565575,176.98126880844578,159.3477433968994,171.41539394719703,,,,,96.9120839475918,
squat,175.58989316779466,174.37455759679125,158.56212487273478,166.53108534998987,,,,,94.98645308589963,
squat,174.6884238304857,179.17577610920716,159.73218627407948,167.19875148793088,,,,,93.73073257355479,
squat,175.78229609983194,173.13444497014424,164.08892101528141,158.94734309567912,,,,,74.63024280293506,
squat,140.87922131582465,173.70002685789643,162.1916870198998,168.59349039517363,,,,,139.2821340731682,
squat,172.31405440078746,170.96033199977308,166.34544652312468,166.27074961839284,,,,,101.02526456228611,
squat,179.3892225331362,175.01280185714188,158.39906476463022,169.38087539756415,,,,,93.99438290995876,
squat,171.06667193628428,174.67652204132364,154.18599902775782,165.43971557174558,,,,,93.41368985859046,
squat,160.23666575246227,178.04264799632924,151.80878994938666,167.56371656750906,,,,,91.34351012987011,
squat,165.31926531205852,179.9787223577409,157.52356010218628,167.79192972934393,,,,,90.43798307429344,
squat,166.29838464483763,162.26160992371567,160.47040769739627,154.91221562904744,,,,,90.51161178116296,
squat,135.99673723605397,136.32807549769936,129.80987032544243,134.9268395608612,,,,,86.52937772690306,
squat,,101.12883969377214,34.083046201798965,101.5293524785758,,,,,85.5869369289333,
squat,11.674649891860565,55.89231816542047,13.771460047777154,69.2486099200946,,,,,86.4406334773081,
squat,5.966107668768732,37.09016648484485,9.515692517066864,52.87378094980192,,,,,82.96114897944732,
squat,5.2064603340164455,22.55601710332309,7.297406508845053,40.341067356198046,,,,,82.8378088367774,
squat,1.8991993236330413,29.482124762448223,5.040916235296924,37.11726369319803,,,,,78.99256332358559,
squat,11.860498018900131,29.880063772878565,1.4948159978734006,33.33791215521152,,,,,74.41989385885682,
squat,5.741179848886907,21.00600606220596,0.05510713407293554,35.73553218412353,,,,,70.32809183968283,
squat,8.010769834747123,21.01630708004959,0.016615643812832523,34.182478266494584,,,,,70.13099871566784,
squat,179.74821891718062,122.23890786048574,178.7814411460698,130.1544151051048,,,,,65.49310879786113,
squat,178.41160510900528,177.76053266859623,173.2642202765399,170.3584548391394,,,,,81.24864842178587,
squat,177.93011237464728,,173.67807048570097,173.4366477026383,,,,,82.32309069012973,
squat,175.08856845018036,,171.02573773315643,170.35134788284466,,,,,84.2118681132718,
squat,176.41459583508075,,170.36133564520983,173.46581170739898,,,,,83.70381713864069,
squat,179.58972034651615,,171.338064464717,173.2017632848345,,,,,80.9570560778287,
squat,176.15745150434694,,171.0613208961405,172.64790748232858,,,,,80.60034922861304,
squat,173.09486124966716,174.58501637267443,167.04860285775936,167.989404801778,,,,,81.02510345592462,
squat,166.02815173335844,168.20478200859057,161.90959288561555,164.18797188576752,,,,,82.64728121050412,
squat,154.63099719978578,161.35569264273636,154.48617462335463,158.69810497019643,,,,,84.28171401567592,
squat,140.5768020564271,143.41369485795457,142.4510903151166,145.43934282214667,,,,,85.069291604909,
squat,130.8665078454559,128.27858310838224,133.46355120123417,131.84097049936125,,,,,84.8873584259937,
squat,123.02243845839509,118.22175448027649,127.66329806574012,121.70514549285097,,,,,86.96100636185446,
squat,119.1224603441729,107.09671196867559,125.8631605164909,111.98362727227963,,,,,87.59735064079031,
squat,111.7301535015775,102.4363540688432,120.43111674940937,107.36370284632768,,,,,88.94517927326001,
squat,104.05357489143654,96.68153863941195,111.8838461636482,101.31898530045271,,,,,88.38033674902628,
squat,102.24592233970353,92.78482487617296,106.24786828040921,97.43904823354087,,,,,88.23161424821373,
squat,115.43195002490873,104.8177039320452,118.43528852798735,108.0335882469892,,,,,87.40499845834323,
squat,125.32689418795104,115.95629912986998,128.19229471414346,119.23498813018213,,,,,84.14059627320493,
squat,137.8142987988589,132.65074916073576,140.42166226814595,135.787400054151,,,,,84.5561639317401,
squat,146.4939693676334,145.07506248049003,148.06587459313243,146.79968569609252,,,,,83.61524378178746,
squat,152.09234299727788,151.0235948881582,149.73712925548062,152.9799405596219,,,,,83.72231425632108,
squat,158.59220832690835,156.25653669691712,153.7925961806574,156.25545437642901,,,,,82.94710851458152,
squat,166.1672405851683,163.60299517027494,158.09868453113617,161.11562375443762,,,,,82.87308978067938,
squat,169.21416511659,169.39003040281872,160.06161804232488,165.48801318376874,,,,,82.80413187669862,
squat,169.36513859920655,172.4391273519895,161.6860627126471,167.50039342527126,,,,,82.14159110397853,
squat,166.23343057268093,169.420992701854,160.64423933766162,165.71857214133738,,,,,80.36481900645175,
squat,167.49654071526984,172.46697922794309,161.688186784513,167.05308736570092,,,,,80.10188835618588,169.01843360577155
squat,169.92203904467632,175.05628640720363,161.28168229102803,167.7122362432607,,,,,84.05863843402102,170.57499600639332
squat,173.19555051689105,177.71505598427265,163.62007838766377,167.9429956079398,,,,,83.75158253022725,
squat,176.24261773436103,178.57873043614745,165.80963777668356,168.16928371085882,,,,,82.73276897791204,
squat,177.08733817979675,178.5758380174219,169.30136606201503,168.74331652105278,,,,,83.09304940158681,175.04287286544258
squat,173.69150002794046,179.36074546593366,166.23535761057164,168.53237317547877,,,,,85.14736822636856,
squat,169.31890458907478,176.04895286582368,162.3260338194617,166.34505824575584,,,,,85.41923179201812,
squat,159.18741741477822,166.1636006478603,155.91867771958087,160.64632444544463,,,,,85.49751590188245,
squat,153.36362284969508,156.91555779368824,151.89288993202234,154.0986781004292,,,,,85.49940719455286,
squat,147.33360643167802,151.34388079749556,147.1127118925835,149.6508762401204,,,,,84.42332104745701,
squat,134.63635475022124,134.41685165719366,134.66917041013266,134.3459918374132,,,,,85.09457439816839,
squat,117.35535288295945,112.73077057257727,119.2364472104595,115.042243373622,,,,,85.43137799963101,
squat,101.13672815586357,90.2214834341145,104.27154181634046,95.37225259023596,,,,,86.53380210317346,
squat,97.69964435381202,91.06832971960715,100.69355659350389,96.24091622820684,,,,,87.19482916072307,
squat,90.40832464655402,89.20882237052946,93.59463334375839,93.74875600279297,,,,,87.5017975000643,
squat,94.90968104190237,93.11973191512855,98.30399167311738,98.0205066887327,,,,,86.37699310642289,
squat,104.69608086600468,100.11948739400249,108.20784364052375,104.16948950772728,,,,,86.2474559813277,
squat,112.16029072560961,105.0413309331142,112.73887161454105,107.37082881667712,,,,,83.1263356288269,
squat,128.5842661140348,123.09309445268156,128.47056421758134,124.74628564419022,,,,,85.16153137804359,
squat,140.0787814103248,136.82712637485196,140.1665255187463,138.43448278825085,,,,,86.57563488075914,
squat,157.17520670852448,158.93336562516188,154.17016182909015,153.17827097377062,,,,,84.454482676995,
squat,162.66277684011612,165.24365602461563,156.82491251348105,157.2742974053667,,,,,83.99908461226651,
squat,169.93858782032657,170.04060082750217,160.80537602146154,162.24931619705484,,,,,83.55618374042281,
squat,176.05861462670632,177.11546910670663,165.17200694329213,167.49112123408253,,,,,82.46403668093048,
squat,177.9010112084456,178.2373410905913,167.4695244203506,170.81739771921718,,,,,83.39396075532343,
squat,170.93642230324244,178.15541628627292,163.51473140632777,167.58287641957614,,,,,84.6491033147219,
squat,164.68274550013135,176.49633831994245,159.27490344112064,166.59911840961576,,,,,83.79307320572465,
squat,157.12514237786058,168.51524367233878,154.85141705285008,162.03598513324167,,,,,82.76963229756693,
squat,145.5745081533994,153.6606826899887,145.030157613265,151.29885849042103,,,,,83.34614100251387,
squat,133.02629104681566,136.51554617463142,135.83372673124882,136.95461258922137,,,,,83.39785648977188,
squat,115.09284320691171,116.30797939768945,121.7227826465229,118.17222671816876,,,,,84.26889616791408,
squat,109.4789871097485,111.75593499107895,117.30280861016253,113.12392218553725,,,,,84.27257864981486,
squat,102.02943159068862,100.21470090953909,110.24337238298195,103.76233877982668,,,,,85.32725634352705,
squat,101.17505075806264,104.46317382868281,109.38535741318648,107.89648380798594,,,,,86.65456365008866,
squat,109.2129932153132,111.86157166866154,115.8771470443142,114.90630102221975,,,,,86.4929487038891,
squat,117.76684581190139,121.08432387406619,123.2645359433496,123.10052668518232,,,,,86.32174504243557,
squat,121.09286289635499,127.1941254091147,126.37534145838801,128.2266625208646,,,,,84.30905126704863,
squat,141.049129415823,145.08576557672606,140.5827545607601,144.17219107057593,,,,,85.51855513554757,
squat,149.66105019721823,156.79529298677292,146.70271132038158,152.91862909674643,,,,,84.91495409101027,
squat,154.05595165475864,161.15091091413618,148.7398858396272,155.6766840324478,,,,,83.17914213723627,
squat,166.5246656497159,169.35477332898378,156.12454609296407,162.38680752661438,,,,,81.9764059666671,
squat,172.74110601385863,174.7237987233135,160.91890312235972,166.96352544065587,,,,,81.89252829540202,
squat,172.32605503108837,179.49696197586564,164.107866193567,170.9688012132925,,,,,82.44352065511467,
squat,174.8627635629029,177.338485744272,167.27945751632058,170.43574935888762,,,,,80.9503769025752,
squat,169.97983274775441,176.7373120720663,163.31625604221517,167.06913183121154,,,,,82.01253986996684,
squat,159.4853029363954,169.09220937562054,156.4273643425746,162.6726904655402,,,,,82.2180411453575,
squat,141.763997685512,147.37243045532685,142.1513932910912,145.91583370324943,,,,,83.48973179404597,
squat,115.4638283588634,108.63865621941369,118.52167526065054,111.16162017222373,,,,,82.65124863000334,
squat,95.44975500407409,82.31745556486786,99.7310638942862,85.96203083683686,,,,,84.82945874443487,
squat,80.17856993358252,71.72568500719665,84.31195927798304,75.54576002269843,,,,,85.77969240793367,
squat,53.17131404457712,49.315222754568225,55.842680676882026,57.327388431235356,,,,,85.35064591392658,
squat,65.6601141408313,55.258359609538985,69.37516794944203,62.86760529911839,,,,,86.30924812210779,
squat,71.2085820268953,59.337178014733304,74.77451261491352,66.5510686159002,,,,,85.06685921954426,
squat,88.56696611742386,78.3661210101326,92.73258881546516,83.12300366909672,,,,,84.21428655307051,
squat,113.75206246922264,103.71150730675531,117.18850337170598,106.38434561283232,,,,,85.65117348516856,
squat,128.22361612969104,127.44340467633563,130.1309875511485,131.49933628732757,,,,,85.28327208937112,
squat,138.62023813522487,138.03773928112892,138.0592038590838,140.3349992404973,,,,,86.458385145355,
squat,140.95635566706858,142.6016385322698,139.94074468096147,143.2735194082308,,,,,83.95405572551236,
squat,148.05272285476082,155.5633735689055,146.71903214394615,151.52378509540074,,,,,82.36991711290787,
squat,154.55851230850857,159.8908890071301,151.61331764347696,155.26541427458608,,,,,82.18687194076938,
squat,167.15108556360445,169.244447819148,158.80246960477143,162.08768372637434,,,,,81.50074022341822,
squat,170.8598093601426,174.77423849212974,162.03399160858265,166.81708562193182,,,,,82.05391988544453,
squat,174.53505588253591,179.39534214081334,164.84321058490326,170.39588672153903,,,,,82.29860370080128,
squat,177.0836196410278,178.03281798097592,168.48763243155463,170.29174124993042,,,,,82.4712935973904,
squat,173.49382045988767,179.70869723064368,165.10504861818498,168.26029016331543,,,,,82.48478573024444,
squat,166.15399967404102,173.5151552627044,161.2172732070029,165.06854338983936,,,,,82.41987915170087,
squat,154.85302381867143,164.946427217783,153.47239863373215,160.42740005327005,,,,,83.33521520004878,
squat,150.20010690152583,158.8901214652884,149.38986741681293,156.11411160379248,,,,,83.92445348335112,159.36945023971705
squat,142.12567548377405,148.40042489100267,142.87618060496013,148.17732567583445,,,,,83.79496808742893,155.2793965851668
squat,129.0759542182317,134.39751057666575,131.954625063584,136.46982482712875,,,,,84.21284710207505,152.29636006714387
squat,114.47132932547765,114.9833703045481,119.36281214741574,117.69752912046921,,,,,83.71044003162923,
squat,97.52199603319445,92.72442745167571,104.478201680854,98.0239430343837,,,,,84.28941112349604,
squat,92.05593696624847,80.84354856267714,96.60675691718646,87.6809527731536,,,,,84.73788654012725,
squat,74.7738339447179,67.29033267507187,78.36101789135877,75.5382473565044,,,,,86.39451719280103,
squat,79.48591436642607,63.84403284102866,83.63024767707434,76.58313516196127,,,,,87.55245471771916,
squat,74.36428295265766,57.1613380190865,78.40450603817796,72.11391879243578,,,,,87.7678633671108,
squat,80.15395297159041,67.28686275095122,80.31179031469595,77.8320320068413,,,,,87.4694108065377,
squat,89.26252289743854,78.8309116316043,88.45493228573288,84.56146018482046,,,,,86.63232827837255,
squat,92.45939155562083,83.89043732977211,91.52484728398008,89.10240028292131,,,,,85.87867414456775,
squat,111.15794510992596,103.19516073706201,111.0470670503097,106.18605591150289,,,,,87.53902382546295,
squat,127.01901364655957,121.61428898756857,125.61652772502798,124.15926783495107,,,,,85.7057703168448,
squat,142.31774181045526,140.5499880221644,138.92735766134777,140.7054721248645,,,,,85.8275210912163,
squat,144.32847566154302,151.75058167592334,143.57418720135126,149.0895708467875,,,,,84.62516724941814,
squat,154.0416405544557,159.94940227203296,149.6044109106357,154.84752066170876,,,,,83.79454342919921,
squat,162.40912626435505,164.47307241346897,155.75250265561996,160.9594826492997,,,,,83.14962488768553,
squat,169.01122426207021,171.96514361022258,160.28455707605806,166.22244670474012,,,,,82.80028074407588,
squat,172.04318432300454,176.44523588851914,163.00480890295827,169.31465004975584,,,,,84.61090565148466,
squat,173.2417252856526,179.33563408320057,163.8980448912713,170.30224658556676,,,,,81.32130526255186,
squat,175.81943722006196,179.4705528346587,167.75079704146344,169.82343159070766,,,,,80.92951204409637,
squat,169.18928713250318,173.60108272332602,162.96595067654007,164.67250056703546,,,,,83.79454700302007,
squat,161.5930958573477,167.85719039706706,158.48311316896704,161.23304560948682,,,,,84.86440119431938,
squat,153.96944707546876,155.18401104807597,151.18776653821163,153.63559057303388,,,,,85.59285445731815,
squat,146.0608718028684,144.90816714352675,144.91695838078053,145.23430138981965,,,,,85.34016944690968,
squat,132.67174659264663,128.66468703471014,133.9427743928152,130.13431261694018,,,,,85.03798440409382,
squat,111.07449098074,108.0645760510145,119.08787289497165,111.83871895445365,,,,,84.25393797002747,
squat,98.22011771011599,87.84201453854753,109.22649023942309,93.8540507101103,,,,,86.15318748239109,
squat,93.45699945313706,80.02222343022389,103.05869461413641,88.17972636194483,,,,,85.74508606118906,
squat,82.0604888649994,74.03409343155846,87.63646839216115,82.14549075652901,,,,,87.15787658781882,
squat,72.86364763318103,62.41416058388733,77.13584417659811,74.10849346734904,,,,,87.76436881491927,
squat,76.24643364345174,59.84628739276122,81.05425703518465,74.54090042569673,,,,,87.68071550719948,
squat,81.23697174741586,59.55112775806396,85.58017643226428,75.35933793382868,,,,,87.6587614484742,
squat,87.57348285659528,69.82406735541582,89.65619748179569,82.04668066175691,,,,,86.1849125578201,
squat,95.53334346570294,79.70352153152334,98.74323529289936,88.79879500499715,,,,,86.30497989737408,
squat,105.71470473749994,92.92610359817178,108.50140401815153,98.12643953184075,,,,,89.14637060227379,
squat,118.78134018466083,109.94066560821427,119.73770165688335,113.53623532749056,,,,,85.99941839853926,
squat,132.9709733000528,126.94496553096522,130.7875660986087,128.73638962867315,,,,,86.03668352645265,
squat,144.59513093166152,142.1497253617815,141.47233088749655,140.67588477681986,,,,,84.70128304123168,
squat,151.2296342108638,151.9977912421969,147.7284558094052,148.0247084340368,,,,,83.13513102549754,
squat,165.32529363455163,163.2145227977891,157.08592576129976,158.06556602741637,,,,,82.69791535048837,
squat,172.9989216524776,170.78834905397065,163.37014743829369,163.66705938437107,,,,,82.2800010006751,
squat,173.06235319038817,177.01403028763787,164.80001409430102,168.7265644737937,,,,,82.45451874817526,
squat,174.44444088757336,177.83562531894822,166.0662638646176,170.70276823919605,,,,,79.14713144178222,
squat,169.61292384628337,176.67339035259462,162.85810045250193,166.98089628399893,,,,,81.45236916964488,
squat,163.13371646215234,171.73506486103835,159.50112651365873,163.7378085027669,,,,,82.38484630574337,
squat,159.60916693774453,164.628078914843,156.22218194969332,158.7995986509306,,,,,82.80713935595368,
squat,154.69571593201678,158.60727916747544,152.37376234572488,154.65175117663372,,,,,83.03798535400516,
squat,149.88703936086958,150.57704226732454,148.5178849106328,148.08340998137092,,,,,82.67997868013654,
squat,133.8015507681497,128.22018631640353,134.9249800617732,128.66162366901273,,,,,81.42377372261389,
squat,121.73000184355072,115.93946104179284,126.09690494814937,115.89414739163152,,,,,82.98943671045363,
squat,117.44301033066832,109.11439374196735,121.94934230287006,109.05189858153267,,,,,83.39759271994296,
squat,103.72471975897061,93.29269594336864,108.21101018562874,94.47335393242882,,,,,84.16578915991607,
squat,96.4214718460922,82.35085349811067,100.41275337154231,83.63592562794668,,,,,85.82318013518241,
squat,86.75041645829603,75.09526789634573,90.7083649112881,78.2408853534754,,,,,86.61004210124779,
squat,80.46346062275795,70.68588966986242,82.18167505689875,74.65882757042715,,,,,87.82778660852078,
squat,76.36892604824449,64.97036916832235,78.82016515440355,70.23561003153951,,,,,88.18749109668974,
squat,85.52277838044806,72.61534080341644,88.00611059012122,77.55913268272236,,,,,85.5837990738931,
squat,90.75344226215287,77.78755149925212,93.19508345062947,80.92322810217661,,,,,85.66041137528808,
squat,111.88396209953022,87.40893089440029,112.2770207694809,89.45052388710675,,,,,86.1636171026501,
squat,127.52451742236664,103.25669854410032,126.40820497100752,102.97696639102419,,,,,85.36696221896982,
squat,133.66354441205277,116.5798763336363,131.28267571313205,115.194275252654,,,,,83.88888113041376,
squat,145.92238670687496,133.43756629567784,142.3326843820945,131.92017530535142,,,,,83.56609518260488,
squat,154.2897111286949,153.32726467041525,151.58629974016642,147.85839641212036,,,,,82.10737597998194,
squat,163.54079273944996,162.4414360839394,156.752749207785,154.72709871343056,,,,,80.99456984612546,
squat,172.47165602771668,169.7061385260279,163.13075879985186,160.7675340045556,,,,,80.91123022294437,
squat,175.5985793641136,172.47819588359695,165.88771995353895,163.85623146474714,,,,,81.86194044864914,
squat,175.90926567118305,176.2176514568745,166.09504584529827,167.31374060070013,,,,,82.89331335766337,
squat,174.31125664958913,179.8646310478743,165.28506787416188,169.43122242226502,,,,,81.62991969757196,
squat,174.88046800707198,178.17279092498686,167.02116367494108,170.17157863457157,,,,,78.14004154517569,
squat,173.06941890498538,178.827765197625,165.46943180995024,166.94937519451454,,,,,80.03096240152604,
squat,169.84084671261263,175.6543483043487,163.62174248977453,165.2632404572292,,,,,81.04587935359103,
squat,165.7094823960151,169.27278806226272,161.2631785708728,161.45619022425356,,,,,82.68040243297429,
squat,159.72972214695653,159.6650561281997,156.4840865506909,155.4467392846141,,,,,84.27363762307266,
squat,153.02547502430346,151.6688917266533,151.6553886843182,149.0868389880386,,,,,83.83071451224863,160.45456955848064
squat,141.987461379746,140.44744074618063,142.83982030356395,139.7967675387658,,,,,83.61773288735056,
squat,127.82112920392743,125.65173749951936,130.95462398945253,127.05827477513797,,,,,84.54681825786636,
squat,118.73943031767907,118.54494791908603,124.8535755297729,120.77813706229097,,,,,84.44808349515093,
squat,111.02222358233094,109.24270971914041,119.5251804025833,112.22549279947825,,,,,85.09260438001442,
squat,98.29707193795393,90.97619676077053,106.61820071384638,95.17724945896039,,,,,85.11094412956146,
squat,96.79327499200474,86.92005031502346,102.40122788009894,93.65742809675801,,,,,87.24927414345835,
squat,84.13432106633881,80.4549774884864,90.13711433540736,89.4484699960358,,,,,86.95417422090772,
squat,84.91887812412345,75.77783797623272,89.84060052342994,88.38804923963951,,,,,87.68143239459478,
squat,84.95625111614842,76.14099368753828,92.17166486095641,91.64567011498067,,,,,86.59361907205424,
squat,88.46211003589455,77.82532515068377,93.80299810197666,94.23817365280692,,,,,86.62384177496696,
squat,97.39554520326264,90.52174084618852,102.43907830633614,100.94079436583182,,,,,86.68121658658342,
squat,106.91276932092217,103.77128244433149,112.35685751580607,110.79834227959397,,,,,87.91057005015507,
squat,117.90346039306363,114.41334418097104,122.62796395810935,119.70915106383056,,,,,85.274859230131,
squat,124.37506341702648,118.85198092603603,129.54684983685112,124.05769472176193,,,,,84.93396796896167,
squat,135.98342789635382,129.66532077514776,137.43279990709192,132.8356728874823,,,,,84.82325730139273,
squat,145.33038406195823,141.12555867382702,144.32766180868867,141.3617116930546,,,,,84.96940985259009,
squat,154.20822813628982,151.9683318657422,149.89025880504968,149.0968409217597,,,,,84.03537438839702,
squat,164.8379255842083,161.8767089294339,157.22102156036655,156.1060422921662,,,,,83.17549504724532,
squat,169.47190468531363,167.17362270746432,160.61551921238237,161.42924383369083,,,,,83.67668482475804,
squat,171.61721227799447,172.66700640575476,162.9654154566358,166.2854878190843,,,,,84.33696864888313,
squat,174.02228796886902,178.8752271727724,164.60418961348427,169.87525979811312,,,,,83.94956266401398,
squat,176.6756907205074,176.03684327933803,168.05109922342345,171.17153308036598,,,,,82.10742468664247,
squat,175.25832933247884,179.4541117217604,167.91639410465754,168.36198315460473,,,,,82.15640792651433,
squat,168.81721821802861,175.70180684508824,163.73721939555492,165.45867639874695,,,,,81.78595148034863,
squat,164.83441438416708,170.50299968260313,161.1911889713161,161.9905331717415,,,,,81.68362209579674,
squat,157.88072470499262,162.67597113299522,156.1078252043298,156.3629996747615,,,,,81.09964991177718,
squat,152.08735171294427,154.04810267901837,150.63665664279304,150.15024638132502,,,,,82.5186963446083,
squat,141.29889297811596,141.20777741474373,141.45125902860715,138.8594239020186,,,,,81.99606064101111,
squat,125.51953224183913,123.20951202368182,128.55096666992594,122.4199126742824,,,,,81.87165237221545,
squat,113.07143728649648,109.83413533291325,119.82616402973419,108.44258761628353,,,,,84.06452774455852,
squat,98.40571715945939,85.37026652202253,105.92708487084977,87.18170880839848,,,,,85.87643420836176,
squat,86.90420135022765,74.7425258839116,91.57065111575281,78.79458446176014,,,,,87.00457425793964,
squat,81.43187789056725,71.59825062465292,85.6337188133601,75.00100813636072,,,,,87.79849424043687,
squat,80.3053793633894,66.91076292816321,85.24985887660323,72.23142474528697,,,,,87.24358863267872,
squat,76.8386951273068,56.83108994568772,80.32123357074612,66.31138739246185,,,,,86.75609649071208,
squat,78.38546750592073,61.975295993343366,81.9790199644127,70.73576128989085,,,,,86.21997113070553,
squat,86.4123325747759,70.008255880404,89.59529760397396,78.33656993681848,,,,,86.14692735969479,
squat,95.67446690382317,79.06963467298101,97.79132478914178,84.2192249971142,,,,,86.84959506642326,
squat,101.64439846549485,84.15503179973028,103.46588066936829,88.23721153444528,,,,,86.77674353500448,
squat,109.04411909563319,90.38099816923813,111.85101005489923,93.1187191626221,,,,,87.54679399059641,
squat,121.7544424742515,107.86624298639444,125.21218770872495,109.99454425574159,,,,,86.0478845776173,
squat,130.45657143124848,119.71536344065231,131.7776785465478,120.23276933612598,,,,,84.03280519483882,
squat,139.1435156709374,132.81271897582064,139.57790777851918,133.58339393223505,,,,,83.376241249488,
squat,147.08535110291126,149.01818821090555,146.18016207912385,145.95129172549886,,,,,82.22359527821206,
squat,153.87150899253106,158.13255562823133,150.4501034233231,152.46249788612764,,,,,81.33904476634031,
squat,160.4330424343892,162.08689862956447,155.86739067622088,156.57962750729212,,,,,81.83966780994692,
squat,165.79231175438466,164.74637317342308,159.04145397032198,160.30066580244858,,,,,82.29405785119768,
squat,168.1304594879283,170.3412637073839,160.56364168590798,164.24585525693033,,,,,81.92776691796243,
squat,171.38274169385917,173.96089963438246,163.07580875836712,166.71105788356124,,,,,81.46846548291438,
squat,174.03052964966517,179.17814024952045,164.87605667124419,169.7119034285644,,,,,81.17254871660947,
squat,175.2626646580253,177.4979466903545,168.0398040278466,170.82124584814454,,,,,81.70122794834354,
squat,172.84188025507535,177.3275193471041,163.89297554379786,166.71359851940295,,,,,82.64596437069761,
squat,167.93736355949432,171.70395822116166,161.00720999656835,163.2983484100573,,,,,82.6556622820399,
squat,156.2705865463729,160.0472731052354,153.7697666729774,156.34630016295955,,,,,81.87517900433761,
squat,151.48246154638468,151.72739913939273,149.38233624533552,150.36534646842242,,,,,82.39099684634182,
squat,144.86919020843288,142.86845913985957,143.49291883557675,142.44405689080313,,,,,83.17995683172006,
squat,132.9642758082841,125.20653408017196,133.78548838223455,125.4645500104533,,,,,82.53188576819983,
squat,123.45228248972262,115.66846987187498,126.13903895815892,115.31530236159378,,,,,83.3230647436249,
squat,115.26376619926486,105.82749595146191,121.2475743701056,106.6766889758291,,,,,84.36482235883189,
squat,103.73525054189577,90.45847155900896,110.96203759112605,92.9797404070767,,,,,86.14306923266288,
squat,88.10203872620338,79.44464192100695,92.29610945425213,83.36486405303681,,,,,87.08565054595395,
squat,84.75655846953443,78.55545123978683,87.19394645282725,82.34950626136315,,,,,88.58257100455299,
squat,84.23872411672107,75.6230534086119,85.25585125030742,79.08187635800935,,,,,89.52548686634535,
squat,90.47606913358311,80.18327407973909,90.72880947086593,84.03757698826213,,,,,88.42790667401904,
squat,96.418373033803,83.25319633205984,95.18547865533425,87.74755981606569,,,,,87.92759201967435,
squat,103.20730782048626,87.7117758881998,102.87512883879103,93.0588028676067,,,,,87.72940278996265,
squat,110.3179132990717,95.74060349630682,109.95695867173738,100.80825391733083,,,,,87.56225738912157,
squat,117.9685052285957,103.78870395142951,117.55568074052682,108.22663232951602,,,,,88.37200169767618,
squat,131.30794022920185,119.28051766755603,129.72373142769442,122.16099155791892,,,,,86.76239051974224,
squat,143.1703528166718,136.65571283447218,139.6140693805684,137.68711069660333,,,,,86.2593609318998,
squat,150.90753542622525,147.129771541349,145.4390555853508,145.70666420117422,,,,,85.45861493132433,
squat,156.3462059999532,158.8896282276198,150.68668876960183,153.88260023515582,,,,,84.32205929605439,
squat,165.10670887773145,167.58809938900188,157.13938651861332,161.11562164367928,,,,,83.35966660130335,
squat,172.17788423186997,171.68606171748922,162.4263763785918,165.027421714473,,,,,83.10948489605155,
squat,171.7163457989909,178.5684596710173,163.07656545890805,169.74237420856048,,,,,83.51286163408349,
squat,174.72155491442092,177.751723672269,165.467156184272,171.40701007842418,,,,,81.41065411652542,
squat,170.21575168528645,175.95978009885638,163.48502310795942,166.8694753860306,,,,,83.71038801179517,173.12723394861806
squat,166.76607911524715,170.94709949356113,160.6413825522119,163.74495499118473,,,,,85.02828680376518,170.90503740715317
squat,157.88643985072332,163.0584194978859,154.91226903507334,158.75071672186164,,,,,84.65108326615903,162.38376512250753
squat,146.85185762749137,151.15161104251374,146.60299370728532,149.7579955298496,,,,,83.51563309073424,157.3253355977227
squat,130.90657075535555,132.00276949492476,134.3276893692056,132.3703834932925,,,,,82.76688266726802,154.0196756413754
squat,115.21206467149692,111.871711472043,122.88141501322674,111.83523463791752,,,,,83.05644596615939,148.84440804467886
squat,106.68748693193675,95.23417403478315,116.77048799154632,95.71054422240327,,,,,85.71751079395612,
squat,106.84144159738814,88.45560000080704,114.55691488003245,89.31965231074561,,,,,85.46234895422096,
squat,98.77161787507738,76.16160782713858,106.82727862748862,78.41169525475374,,,,,86.18104185645817,
squat,87.51670800070765,70.41242339204976,94.3900189296774,73.16506161127081,,,,,87.14313957164893,
squat,81.09845486346671,65.93063929633885,87.34123412708546,69.0288175543493,,,,,87.121334697383,
squat,88.62406955413336,72.51126759499117,93.9138292956163,75.24349159156459,,,,,85.84381517557271,
squat,99.55947555996691,79.46048102634391,104.06122345818468,80.81820877064405,,,,,85.76838216850105,
squat,106.39274034024021,85.36484826265122,111.1846372748336,85.69993978633896,,,,,87.3454468573204,
squat,116.9071701939616,97.84656392624424,122.92150821459364,97.49763628931687,,,,,86.70054776914411,
squat,121.44793881932063,105.85271300094693,127.474597715406,105.68371518769511,,,,,85.30300286466579,
squat,130.01615983837095,121.61150279808518,133.05725464533242,121.82874037249276,,,,,84.04390675153196,
squat,142.45832093483196,136.66872125273437,142.69227337007848,137.12475624608,,,,,85.01430539163493,
squat,144.5681124734556,141.48094660335641,144.01145395285303,141.4205478624515,,,,,82.69491292765875,
squat,149.56804998454686,148.560637643306,148.04901536863142,147.77689425730722,,,,,82.39435393500841,
squat,157.3408640633076,157.35392019537687,154.27275234744053,153.20902021244268,,,,,82.47490265503258,
squat,165.69370798653625,164.45566275250076,159.02850859366467,158.1145924728874,,,,,82.14956956510767,
squat,171.32759127852646,172.60333602245788,161.96740154972866,164.32294390491828,,,,,81.46888002769,
squat,170.13241983068232,176.53674942425337,162.1687132115571,168.30323698871916,,,,,83.39058383716582,
squat,172.62544505214626,179.69747628032587,163.86067260411593,170.37945121369967,,,,,81.76363001277548,
squat,175.5584200829404,176.07256609520482,166.62446011333319,172.10395367162465,,,,,80.54559553635117,
squat,176.81514569140515,179.11808598070309,167.73654278744405,169.66437219028657,,,,,80.63995687651042,
squat,173.46067234487802,179.03014951007523,165.08842804454517,168.15620551501647,,,,,80.76202241562194,
squat,168.89129283632803,175.37218819051904,163.0038395741625,165.28026913696925,,,,,81.32188914290433,
squat,163.30220575578733,169.8991175588713,160.28425240904738,161.1964793397695,,,,,81.39138648731702,
squat,160.6867696217563,161.67389277068892,158.24630733712684,155.62007228659573,,,,,82.50830704862652,
squat,155.13631369812487,152.76950784660937,153.53561798424187,148.9897742909253,,,,,82.89295383172043,
squat,140.74003447344612,131.89849489457706,141.11207272471344,129.69970583249795,,,,,81.51524735388851,
squat,124.47112545181331,112.9581759285308,126.87059011183399,110.95036508414158,,,,,82.53345892161178,
squat,106.31894770739545,94.18336151023044,112.4802393764922,92.75164966382594,,,,,83.88786493348847,
squat,95.25578859085496,81.82137947493193,102.62233204287243,82.6540609232687,,,,,83.95787999899241,
squat,81.49514876569198,69.74390478212126,85.5668395299028,73.69292096363814,,,,,86.7888188045382,
squat,88.56210270244088,73.48132930207115,90.08861480365351,76.63166676947682,,,,,86.42916229697158,
squat,97.33453546862381,80.80079255960966,98.82356949259325,83.62492507801457,,,,,85.70885765588902,
squat,102.65249075758517,85.14275518407302,104.0183751413957,87.05255558945316,,,,,86.060354942718,
squat,122.02228842820325,106.67760376170338,121.03025374710768,109.06713862467159,,,,,85.03911125912651,
squat,129.22921495158278,118.26666609061428,128.28506185510744,120.94275825719828,,,,,85.73736172396494,
squat,136.2698177562679,128.30516612278527,134.78914792150513,130.87293390124552,,,,,85.28056585481902,
squat,143.05540340260413,136.43544321863718,140.82317751627008,137.30429658389673,,,,,83.6573271365664,
squat,151.0512190808961,149.22947221707372,148.23822489907477,147.45852981269172,,,,,82.32436474803265,
squat,154.1304049549656,156.02614477930808,151.0799546031596,152.53431430211748,,,,,82.48419867807023,
squat,163.51330269737207,164.09112455614238,156.62245716002258,159.59808240953268,,,,,81.74892822446785,
squat,170.4526478914547,170.96923933102133,160.86745899250786,165.22585798472866,,,,,80.74186327166598,
squat,171.33245634165812,175.5075741369974,162.78028041271338,169.2922554310444,,,,,83.09191750899167,
squat,173.99929039140827,178.96356378015335,164.5169556469171,172.28706876911164,,,,,81.03921549733414,
squat,175.2192566629112,177.06841157321597,167.60841314198348,171.78883637555634,,,,,81.83425836688141,
squat,171.85071564126486,179.44411249745647,165.16207408355012,168.4750323945749,,,,,82.55045634329483,
squat,167.01131586695337,176.25617696325344,162.2219720842671,166.12523324135296,,,,,81.39341260749767,
squat,160.47173684772022,169.82230190916076,158.6664546820233,161.9671624174707,,,,,82.31809865036074,167.85862188939475
squat,151.92231472435407,157.7983672018773,151.3179152291084,153.32634388173602,,,,,82.52619926759478,161.9639511743335
squat,144.06594537670864,147.03714541940602,145.64526572397028,145.03407343805696,,,,,84.15154133126019,155.87914487679998
squat,131.02773821159994,127.35564836427262,134.2950262142517,127.25072386778484,,,,,82.92307792328745,
squat,115.76430340137371,108.04750081282367,121.95030578026885,108.6743540301919,,,,,83.73510268767902,
squat,98.81789855479778,88.81180595964675,105.94935467683088,91.50763737745055,,,,,84.70064998783664,
squat,103.62137685315803,86.97947718911664,109.45106117551231,90.5448777230741,,,,,86.18236490536641,
squat,91.36640566870365,79.58820047846257,96.7149244468244,84.70661915464612,,,,,87.43939654755135,
squat,98.52384262455557,82.9558825026267,100.1212945649926,88.55577604748174,,,,,86.87187414379207,
squat,110.10585580912498,92.96003392587606,109.73487205157944,98.0036652930685,,,,,86.66868308828023,
squat,116.98699439347453,100.97852580864792,115.72173571247895,105.10265605209965,,,,,89.41124422706297,
squat,133.10752875286153,123.25587337853965,128.61228933960265,124.70400705426165,,,,,86.99975589703924,
squat,141.5991326841418,134.19669087895105,136.8378519737992,133.9414519178848,,,,,86.75898515417987,
squat,154.97899784448003,151.43078913083386,148.70837596685348,148.0989872933713,,,,,85.7345092069602,
squat,161.76013103355083,161.95229579433064,154.19942684951388,156.77473800560878,,,,,84.40125952769449,
squat,168.17288343358172,170.40794422456702,158.4692996914497,162.92249077395508,,,,,83.81972871800477,
squat,171.7159005638788,174.03342146558498,161.9234581730364,166.7801527901537,,,,,84.2136849899798,
squat,173.840027598828,179.4996805644633,165.0834620070786,170.07712403076331,,,,,84.13563794694333,
squat,177.35732490116342,178.71139342439895,167.28013057255447,169.92298361661426,,,,,82.48220662721496,
squat,169.89050319519643,177.49717289751845,163.0869916740855,167.25593948383954,,,,,82.25278706873985,172.2898433855079
squat,165.8101041397469,171.84586825072907,160.01384874335372,163.97816624469866,,,,,82.48879971094156,170.73481777064808
squat,159.5505714112219,164.4396253993444,156.68927574586087,159.6800424039193,,,,,82.20822295962631,165.2606590111979
squat,149.50459923191426,153.96775623322566,149.94002955345655,152.3186305017213,,,,,83.70588573202008,156.82069896196012
squat,145.381202509935,149.56806611432813,146.65477766107063,148.72923165399632,,,,,84.02712612980807,153.65635699448111
squat,134.59046207712154,139.572637355959,137.75131890640395,139.75268959134306,,,,,84.09250284591617,150.4901178187996
squat,116.25418277600959,120.48792973844876,123.7375569312433,121.9059680117787,,,,,82.6844606660774,
squat,104.91835437390336,105.84206359800662,115.04659023602487,106.91086904104053,,,,,84.17319559606543,
squat,98.2855116284884,91.60058468107704,107.0159820640482,93.42872690984602,,,,,85.49954804708962,
squat,97.80073664602422,88.37389244186777,108.64925953467171,92.50096075982859,,,,,86.13149858627511,
squat,87.13874470648281,77.37729084880111,94.81172850271386,84.33254449667885,,,,,86.76553834726802,
squat,83.20271116327133,77.85658755487026,88.4674696285848,85.3506090616379,,,,,88.12180688346858,
squat,85.7130749015939,73.98690209754753,90.69021096258415,82.46568666009448,,,,,88.04475167217764,
squat,90.31955334878607,77.18781946096061,95.1685200083537,84.89319735026157,,,,,86.51319096084725,
squat,94.96409604611382,83.65589738654545,101.563579535432,90.66836521443427,,,,,85.67832455229993,
squat,101.94537414523931,90.2627410406653,108.1282942823077,95.77652659410501,,,,,88.80356715708909,
squat,116.20412854075947,105.63028024352505,120.05377649176417,109.37405400733034,,,,,85.97282703515538,
squat,126.74525700803535,118.67578870387973,129.20808528415358,121.99802530735315,,,,,85.62818487921056,
squat,143.85127407919788,136.0442663926554,141.51684913756213,135.69405748829718,,,,,85.25087561395064,
squat,157.04001076056204,154.94131919232314,153.23012553272866,148.93099411720925,,,,,84.47356504041363,
squat,165.74338331763627,163.97523967570578,158.8229270302639,155.78016840879275,,,,,83.0733094176783,
squat,168.5855730194181,167.89837181888535,161.54542105905543,160.32939762838225,,,,,83.37992199791903,
squat,173.33993447116433,176.66189927822415,165.10912389079576,166.97636805198943,,,,,84.05327194375572,
squat,172.9635630157151,179.8456395046613,165.39287227369533,169.13991656289534,,,,,83.47084420279188,
squat,176.04821871868285,179.22528965512558,168.0660521120176,169.55093178690404,,,,,83.5613891776126,
squat,166.65373342604335,175.15880937915122,161.66264068499805,165.84975201462674,,,,,82.5952020970523,
squat,160.0640256105516,169.8755349381035,157.88385080137797,162.49176033845959,,,,,82.72945700428834,
squat,152.0063069765058,159.1699176360426,152.33131443391883,154.51795872938052,,,,,82.01589881514731,
squat,138.2834030304807,143.96952141864244,142.29893502336247,142.67632275411225,,,,,82.68220636303096,
squat,119.04075089050944,122.09552678567172,129.72863086809417,121.29519762907522,,,,,83.13507711572834,
squat,103.57658734848125,104.50869507748186,117.2868869107225,107.33029076441024,,,,,85.78627740389238,
squat,101.68464393299043,97.1770565763233,111.82328014325152,101.0402349508363,,,,,84.94045816577042,
squat,100.91516775256389,91.99171311324848,110.61306294437533,97.04626947130133,,,,,87.50109887130533,
squat,96.97818617730034,86.3966319192332,106.99074865249486,93.59473220208025,,,,,89.02707559156573,
squat,92.31411813805472,83.57061353479516,100.92415377229567,92.45969128544135,,,,,88.13068405446535,
squat,94.7719881501026,82.80380759306475,101.06131060677771,96.89811494250412,,,,,87.25404557259381,
squat,99.30255663329253,88.77542756022069,105.67733556310459,99.14581046586484,,,,,86.37848074079196,
squat,106.86629876157481,98.61154508044633,113.30498240158254,104.48195266756704,,,,,84.4138517847563,
squat,118.76070588267237,109.67461089878223,123.75543779495732,113.5991997785038,,,,,82.77637059657405,
squat,123.35098996526398,117.54148403980612,127.99368503104704,121.5952167214367,,,,,85.5588037457689,
squat,139.12003168550177,133.31656965102908,139.10407696758975,135.9207911925831,,,,,84.83820330341439,
squat,145.86020265353602,144.82162341680387,144.233938410188,143.8863672666466,,,,,83.57252343988911,
squat,154.37661549871268,156.99628336883822,151.4458752187053,151.89886245677909,,,,,83.0211063830971,
squat,166.82059691906431,165.54123075287114,158.64702213068745,159.04231403100803,,,,,82.84886228899354,
squat,173.00696449976735,171.21828251474102,162.76963107509846,163.75653327506777,,,,,83.03744874799541,
squat,173.25934531585972,175.60142971235024,164.06276647037745,167.24422385005067,,,,,85.02175417379021,
squat,174.80483529985474,179.0866434443239,165.2558946640167,170.21745235954515,,,,,84.90427686266203,
squat,176.2695488656153,178.27418064427766,167.8005720770605,169.00912786356005,,,,,89.02959222819108,
squat,174.36146658473473,178.86547442779448,167.16222139945177,168.36542996831537,,,,,94.68148831818236,
squat,171.31660513403614,179.78033408461823,165.2962233178244,167.7150498643695,,,,,98.89390446597648,
squat,173.526749620181,177.16106815868397,167.34945560884455,167.8249741995172,,,,,105.1963323695509,
squat,174.46274293769844,176.4597314555476,168.98082930964205,167.26272193924737,,,,,108.61143594986856,
squat,176.4906151011775,176.10926827648933,166.1714791028876,168.17666520257157,,,,,103.26721807671824,
squat,174.74087255837046,177.56133659931947,163.06482117289437,169.77689652086445,,,,,99.99008939468226,
squat,173.59959174975816,176.10540017373393,164.611442063287,171.92803747959803,,,,,95.26756975569492,
squat,172.22615286166302,177.48046371954206,164.4951274517279,175.6024262118409,,,,,90.32380737320169,
squat,178.09278495096652,175.98719712550425,165.70358861301008,176.6540063353925,,,,,88.47445817631457,
